IdFeedBack,Prediction
S01_Sess01_FB001,0.748
S01_Sess01_FB002,0.7350000000000001
S01_Sess01_FB003,0.715
S01_Sess01_FB004,0.76
S01_Sess01_FB005,0.7510000000000001
S01_Sess01_FB006,0.698
S01_Sess01_FB007,0.748
S01_Sess01_FB008,0.735
S01_Sess01_FB009,0.747
S01_Sess01_FB010,0.6779999999999999
S01_Sess01_FB011,0.7370000000000001
S01_Sess01_FB012,0.7030000000000001
S01_Sess01_FB013,0.681
S01_Sess01_FB014,0.6699999999999999
S01_Sess01_FB015,0.74
S01_Sess01_FB016,0.73
S01_Sess01_FB017,0.72
S01_Sess01_FB018,0.746
S01_Sess01_FB019,0.687
S01_Sess01_FB020,0.6740000000000002
S01_Sess01_FB021,0.722
S01_Sess01_FB022,0.6619999999999999
S01_Sess01_FB023,0.744
S01_Sess01_FB024,0.738
S01_Sess01_FB025,0.746
S01_Sess01_FB026,0.769
S01_Sess01_FB027,0.738
S01_Sess01_FB028,0.681
S01_Sess01_FB029,0.775
S01_Sess01_FB030,0.7570000000000001
S01_Sess01_FB031,0.7190000000000001
S01_Sess01_FB032,0.773
S01_Sess01_FB033,0.731
S01_Sess01_FB034,0.692
S01_Sess01_FB035,0.708
S01_Sess01_FB036,0.6559999999999999
S01_Sess01_FB037,0.782
S01_Sess01_FB038,0.666
S01_Sess01_FB039,0.7979999999999999
S01_Sess01_FB040,0.7210000000000001
S01_Sess01_FB041,0.726
S01_Sess01_FB042,0.668
S01_Sess01_FB043,0.7749999999999999
S01_Sess01_FB044,0.71
S01_Sess01_FB045,0.738
S01_Sess01_FB046,0.7959999999999999
S01_Sess01_FB047,0.7090000000000001
S01_Sess01_FB048,0.6890000000000001
S01_Sess01_FB049,0.7110000000000001
S01_Sess01_FB050,0.6990000000000001
S01_Sess01_FB051,0.758
S01_Sess01_FB052,0.693
S01_Sess01_FB053,0.696
S01_Sess01_FB054,0.766
S01_Sess01_FB055,0.777
S01_Sess01_FB056,0.7070000000000001
S01_Sess01_FB057,0.6859999999999999
S01_Sess01_FB058,0.767
S01_Sess01_FB059,0.7170000000000001
S01_Sess01_FB060,0.8170000000000002
S01_Sess02_FB001,0.695
S01_Sess02_FB002,0.7679999999999999
S01_Sess02_FB003,0.75
S01_Sess02_FB004,0.747
S01_Sess02_FB005,0.672
S01_Sess02_FB006,0.728
S01_Sess02_FB007,0.784
S01_Sess02_FB008,0.742
S01_Sess02_FB009,0.779
S01_Sess02_FB010,0.7450000000000001
S01_Sess02_FB011,0.653
S01_Sess02_FB012,0.78
S01_Sess02_FB013,0.726
S01_Sess02_FB014,0.7999999999999999
S01_Sess02_FB015,0.815
S01_Sess02_FB016,0.718
S01_Sess02_FB017,0.6890000000000001
S01_Sess02_FB018,0.666
S01_Sess02_FB019,0.744
S01_Sess02_FB020,0.731
S01_Sess02_FB021,0.7230000000000001
S01_Sess02_FB022,0.673
S01_Sess02_FB023,0.729
S01_Sess02_FB024,0.796
S01_Sess02_FB025,0.75
S01_Sess02_FB026,0.698
S01_Sess02_FB027,0.77
S01_Sess02_FB028,0.751
S01_Sess02_FB029,0.73
S01_Sess02_FB030,0.753
S01_Sess02_FB031,0.726
S01_Sess02_FB032,0.7570000000000001
S01_Sess02_FB033,0.764
S01_Sess02_FB034,0.712
S01_Sess02_FB035,0.6709999999999999
S01_Sess02_FB036,0.786
S01_Sess02_FB037,0.6200000000000001
S01_Sess02_FB038,0.677
S01_Sess02_FB039,0.677
S01_Sess02_FB040,0.753
S01_Sess02_FB041,0.721
S01_Sess02_FB042,0.734
S01_Sess02_FB043,0.662
S01_Sess02_FB044,0.679
S01_Sess02_FB045,0.763
S01_Sess02_FB046,0.673
S01_Sess02_FB047,0.788
S01_Sess02_FB048,0.655
S01_Sess02_FB049,0.774
S01_Sess02_FB050,0.6739999999999999
S01_Sess02_FB051,0.825
S01_Sess02_FB052,0.721
S01_Sess02_FB053,0.6819999999999999
S01_Sess02_FB054,0.7709999999999999
S01_Sess02_FB055,0.766
S01_Sess02_FB056,0.741
S01_Sess02_FB057,0.725
S01_Sess02_FB058,0.5860000000000001
S01_Sess02_FB059,0.701
S01_Sess02_FB060,0.7590000000000001
S01_Sess03_FB001,0.7
S01_Sess03_FB002,0.677
S01_Sess03_FB003,0.685
S01_Sess03_FB004,0.663
S01_Sess03_FB005,0.731
S01_Sess03_FB006,0.7350000000000001
S01_Sess03_FB007,0.6779999999999999
S01_Sess03_FB008,0.6809999999999999
S01_Sess03_FB009,0.709
S01_Sess03_FB010,0.671
S01_Sess03_FB011,0.68
S01_Sess03_FB012,0.732
S01_Sess03_FB013,0.688
S01_Sess03_FB014,0.791
S01_Sess03_FB015,0.6140000000000001
S01_Sess03_FB016,0.7909999999999999
S01_Sess03_FB017,0.738
S01_Sess03_FB018,0.7150000000000001
S01_Sess03_FB019,0.7630000000000001
S01_Sess03_FB020,0.745
S01_Sess03_FB021,0.7590000000000001
S01_Sess03_FB022,0.732
S01_Sess03_FB023,0.716
S01_Sess03_FB024,0.6739999999999999
S01_Sess03_FB025,0.632
S01_Sess03_FB026,0.6520000000000001
S01_Sess03_FB027,0.752
S01_Sess03_FB028,0.5770000000000002
S01_Sess03_FB029,0.7330000000000001
S01_Sess03_FB030,0.748
S01_Sess03_FB031,0.75
S01_Sess03_FB032,0.754
S01_Sess03_FB033,0.7250000000000001
S01_Sess03_FB034,0.5720000000000001
S01_Sess03_FB035,0.734
S01_Sess03_FB036,0.6430000000000001
S01_Sess03_FB037,0.767
S01_Sess03_FB038,0.584
S01_Sess03_FB039,0.637
S01_Sess03_FB040,0.719
S01_Sess03_FB041,0.757
S01_Sess03_FB042,0.674
S01_Sess03_FB043,0.728
S01_Sess03_FB044,0.669
S01_Sess03_FB045,0.6880000000000001
S01_Sess03_FB046,0.79
S01_Sess03_FB047,0.6499999999999999
S01_Sess03_FB048,0.755
S01_Sess03_FB049,0.7190000000000001
S01_Sess03_FB050,0.6779999999999999
S01_Sess03_FB051,0.593
S01_Sess03_FB052,0.705
S01_Sess03_FB053,0.752
S01_Sess03_FB054,0.6070000000000002
S01_Sess03_FB055,0.794
S01_Sess03_FB056,0.553
S01_Sess03_FB057,0.734
S01_Sess03_FB058,0.7
S01_Sess03_FB059,0.749
S01_Sess03_FB060,0.773
S01_Sess04_FB001,0.6440000000000001
S01_Sess04_FB002,0.762
S01_Sess04_FB003,0.762
S01_Sess04_FB004,0.71
S01_Sess04_FB005,0.706
S01_Sess04_FB006,0.6880000000000001
S01_Sess04_FB007,0.78
S01_Sess04_FB008,0.7810000000000001
S01_Sess04_FB009,0.542
S01_Sess04_FB010,0.705
S01_Sess04_FB011,0.603
S01_Sess04_FB012,0.714
S01_Sess04_FB013,0.719
S01_Sess04_FB014,0.6020000000000001
S01_Sess04_FB015,0.6759999999999999
S01_Sess04_FB016,0.643
S01_Sess04_FB017,0.697
S01_Sess04_FB018,0.746
S01_Sess04_FB019,0.746
S01_Sess04_FB020,0.782
S01_Sess04_FB021,0.665
S01_Sess04_FB022,0.784
S01_Sess04_FB023,0.738
S01_Sess04_FB024,0.7949999999999999
S01_Sess04_FB025,0.666
S01_Sess04_FB026,0.749
S01_Sess04_FB027,0.734
S01_Sess04_FB028,0.696
S01_Sess04_FB029,0.6340000000000001
S01_Sess04_FB030,0.7830000000000001
S01_Sess04_FB031,0.7490000000000001
S01_Sess04_FB032,0.605
S01_Sess04_FB033,0.675
S01_Sess04_FB034,0.696
S01_Sess04_FB035,0.7010000000000001
S01_Sess04_FB036,0.749
S01_Sess04_FB037,0.749
S01_Sess04_FB038,0.7430000000000001
S01_Sess04_FB039,0.691
S01_Sess04_FB040,0.743
S01_Sess04_FB041,0.5940000000000001
S01_Sess04_FB042,0.5910000000000001
S01_Sess04_FB043,0.712
S01_Sess04_FB044,0.7110000000000001
S01_Sess04_FB045,0.736
S01_Sess04_FB046,0.633
S01_Sess04_FB047,0.778
S01_Sess04_FB048,0.7550000000000001
S01_Sess04_FB049,0.6190000000000001
S01_Sess04_FB050,0.677
S01_Sess04_FB051,0.6010000000000002
S01_Sess04_FB052,0.6910000000000001
S01_Sess04_FB053,0.7210000000000001
S01_Sess04_FB054,0.728
S01_Sess04_FB055,0.732
S01_Sess04_FB056,0.7670000000000001
S01_Sess04_FB057,0.6040000000000001
S01_Sess04_FB058,0.775
S01_Sess04_FB059,0.75
S01_Sess04_FB060,0.708
S01_Sess05_FB001,0.6400000000000001
S01_Sess05_FB002,0.7510000000000001
S01_Sess05_FB003,0.7370000000000001
S01_Sess05_FB004,0.6100000000000001
S01_Sess05_FB005,0.747
S01_Sess05_FB006,0.68
S01_Sess05_FB007,0.5700000000000001
S01_Sess05_FB008,0.719
S01_Sess05_FB009,0.5820000000000001
S01_Sess05_FB010,0.648
S01_Sess05_FB011,0.724
S01_Sess05_FB012,0.592
S01_Sess05_FB013,0.707
S01_Sess05_FB014,0.6520000000000001
S01_Sess05_FB015,0.625
S01_Sess05_FB016,0.6679999999999999
S01_Sess05_FB017,0.6900000000000002
S01_Sess05_FB018,0.679
S01_Sess05_FB019,0.712
S01_Sess05_FB020,0.6869999999999999
S01_Sess05_FB021,0.706
S01_Sess05_FB022,0.653
S01_Sess05_FB023,0.729
S01_Sess05_FB024,0.676
S01_Sess05_FB025,0.7090000000000001
S01_Sess05_FB026,0.704
S01_Sess05_FB027,0.758
S01_Sess05_FB028,0.629
S01_Sess05_FB029,0.72
S01_Sess05_FB030,0.6500000000000001
S01_Sess05_FB031,0.6900000000000001
S01_Sess05_FB032,0.6809999999999999
S01_Sess05_FB033,0.676
S01_Sess05_FB034,0.663
S01_Sess05_FB035,0.635
S01_Sess05_FB036,0.712
S01_Sess05_FB037,0.7989999999999999
S01_Sess05_FB038,0.754
S01_Sess05_FB039,0.726
S01_Sess05_FB040,0.5920000000000001
S01_Sess05_FB041,0.603
S01_Sess05_FB042,0.562
S01_Sess05_FB043,0.7090000000000001
S01_Sess05_FB044,0.6000000000000001
S01_Sess05_FB045,0.7110000000000001
S01_Sess05_FB046,0.664
S01_Sess05_FB047,0.617
S01_Sess05_FB048,0.63
S01_Sess05_FB049,0.6990000000000001
S01_Sess05_FB050,0.6300000000000001
S01_Sess05_FB051,0.653
S01_Sess05_FB052,0.634
S01_Sess05_FB053,0.72
S01_Sess05_FB054,0.756
S01_Sess05_FB055,0.743
S01_Sess05_FB056,0.749
S01_Sess05_FB057,0.768
S01_Sess05_FB058,0.649
S01_Sess05_FB059,0.729
S01_Sess05_FB060,0.715
S01_Sess05_FB061,0.659
S01_Sess05_FB062,0.6970000000000001
S01_Sess05_FB063,0.706
S01_Sess05_FB064,0.7110000000000001
S01_Sess05_FB065,0.715
S01_Sess05_FB066,0.73
S01_Sess05_FB067,0.7310000000000001
S01_Sess05_FB068,0.751
S01_Sess05_FB069,0.6799999999999999
S01_Sess05_FB070,0.661
S01_Sess05_FB071,0.708
S01_Sess05_FB072,0.7390000000000001
S01_Sess05_FB073,0.7110000000000001
S01_Sess05_FB074,0.762
S01_Sess05_FB075,0.6200000000000001
S01_Sess05_FB076,0.7310000000000001
S01_Sess05_FB077,0.77
S01_Sess05_FB078,0.6490000000000001
S01_Sess05_FB079,0.629
S01_Sess05_FB080,0.735
S01_Sess05_FB081,0.6339999999999999
S01_Sess05_FB082,0.683
S01_Sess05_FB083,0.738
S01_Sess05_FB084,0.763
S01_Sess05_FB085,0.686
S01_Sess05_FB086,0.6900000000000002
S01_Sess05_FB087,0.732
S01_Sess05_FB088,0.7100000000000002
S01_Sess05_FB089,0.754
S01_Sess05_FB090,0.65
S01_Sess05_FB091,0.734
S01_Sess05_FB092,0.7130000000000001
S01_Sess05_FB093,0.7330000000000001
S01_Sess05_FB094,0.5920000000000001
S01_Sess05_FB095,0.746
S01_Sess05_FB096,0.8099999999999999
S01_Sess05_FB097,0.613
S01_Sess05_FB098,0.677
S01_Sess05_FB099,0.767
S01_Sess05_FB100,0.665
S03_Sess01_FB001,0.684
S03_Sess01_FB002,0.5730000000000001
S03_Sess01_FB003,0.7550000000000001
S03_Sess01_FB004,0.7989999999999999
S03_Sess01_FB005,0.7350000000000001
S03_Sess01_FB006,0.687
S03_Sess01_FB007,0.8049999999999999
S03_Sess01_FB008,0.7710000000000001
S03_Sess01_FB009,0.5930000000000001
S03_Sess01_FB010,0.723
S03_Sess01_FB011,0.7650000000000001
S03_Sess01_FB012,0.7370000000000001
S03_Sess01_FB013,0.6950000000000001
S03_Sess01_FB014,0.673
S03_Sess01_FB015,0.751
S03_Sess01_FB016,0.7789999999999999
S03_Sess01_FB017,0.718
S03_Sess01_FB018,0.792
S03_Sess01_FB019,0.774
S03_Sess01_FB020,0.7100000000000002
S03_Sess01_FB021,0.6170000000000001
S03_Sess01_FB022,0.815
S03_Sess01_FB023,0.776
S03_Sess01_FB024,0.8
S03_Sess01_FB025,0.6660000000000001
S03_Sess01_FB026,0.645
S03_Sess01_FB027,0.789
S03_Sess01_FB028,0.7410000000000001
S03_Sess01_FB029,0.679
S03_Sess01_FB030,0.759
S03_Sess01_FB031,0.786
S03_Sess01_FB032,0.763
S03_Sess01_FB033,0.712
S03_Sess01_FB034,0.69
S03_Sess01_FB035,0.746
S03_Sess01_FB036,0.734
S03_Sess01_FB037,0.766
S03_Sess01_FB038,0.6940000000000001
S03_Sess01_FB039,0.7869999999999999
S03_Sess01_FB040,0.7450000000000001
S03_Sess01_FB041,0.706
S03_Sess01_FB042,0.7200000000000001
S03_Sess01_FB043,0.5960000000000001
S03_Sess01_FB044,0.778
S03_Sess01_FB045,0.696
S03_Sess01_FB046,0.826
S03_Sess01_FB047,0.797
S03_Sess01_FB048,0.706
S03_Sess01_FB049,0.721
S03_Sess01_FB050,0.831
S03_Sess01_FB051,0.7869999999999999
S03_Sess01_FB052,0.7250000000000001
S03_Sess01_FB053,0.788
S03_Sess01_FB054,0.742
S03_Sess01_FB055,0.752
S03_Sess01_FB056,0.767
S03_Sess01_FB057,0.68
S03_Sess01_FB058,0.7240000000000001
S03_Sess01_FB059,0.7910000000000001
S03_Sess01_FB060,0.7000000000000002
S03_Sess02_FB001,0.702
S03_Sess02_FB002,0.76
S03_Sess02_FB003,0.81
S03_Sess02_FB004,0.823
S03_Sess02_FB005,0.7550000000000001
S03_Sess02_FB006,0.7050000000000001
S03_Sess02_FB007,0.6619999999999999
S03_Sess02_FB008,0.778
S03_Sess02_FB009,0.7610000000000001
S03_Sess02_FB010,0.728
S03_Sess02_FB011,0.756
S03_Sess02_FB012,0.752
S03_Sess02_FB013,0.692
S03_Sess02_FB014,0.782
S03_Sess02_FB015,0.806
S03_Sess02_FB016,0.7529999999999999
S03_Sess02_FB017,0.8670000000000002
S03_Sess02_FB018,0.7370000000000001
S03_Sess02_FB019,0.7470000000000001
S03_Sess02_FB020,0.7270000000000001
S03_Sess02_FB021,0.667
S03_Sess02_FB022,0.75
S03_Sess02_FB023,0.687
S03_Sess02_FB024,0.806
S03_Sess02_FB025,0.764
S03_Sess02_FB026,0.6970000000000001
S03_Sess02_FB027,0.6990000000000001
S03_Sess02_FB028,0.734
S03_Sess02_FB029,0.77
S03_Sess02_FB030,0.677
S03_Sess02_FB031,0.79
S03_Sess02_FB032,0.664
S03_Sess02_FB033,0.7370000000000001
S03_Sess02_FB034,0.752
S03_Sess02_FB035,0.687
S03_Sess02_FB036,0.687
S03_Sess02_FB037,0.7410000000000001
S03_Sess02_FB038,0.79
S03_Sess02_FB039,0.817
S03_Sess02_FB040,0.703
S03_Sess02_FB041,0.7010000000000001
S03_Sess02_FB042,0.78
S03_Sess02_FB043,0.743
S03_Sess02_FB044,0.792
S03_Sess02_FB045,0.808
S03_Sess02_FB046,0.7140000000000001
S03_Sess02_FB047,0.7000000000000001
S03_Sess02_FB048,0.6950000000000001
S03_Sess02_FB049,0.742
S03_Sess02_FB050,0.699
S03_Sess02_FB051,0.7360000000000001
S03_Sess02_FB052,0.7500000000000001
S03_Sess02_FB053,0.8090000000000002
S03_Sess02_FB054,0.63
S03_Sess02_FB055,0.7510000000000001
S03_Sess02_FB056,0.78
S03_Sess02_FB057,0.7430000000000001
S03_Sess02_FB058,0.7130000000000001
S03_Sess02_FB059,0.7380000000000001
S03_Sess02_FB060,0.7649999999999999
S03_Sess03_FB001,0.73
S03_Sess03_FB002,0.7130000000000001
S03_Sess03_FB003,0.746
S03_Sess03_FB004,0.756
S03_Sess03_FB005,0.718
S03_Sess03_FB006,0.7210000000000001
S03_Sess03_FB007,0.7230000000000001
S03_Sess03_FB008,0.675
S03_Sess03_FB009,0.7690000000000001
S03_Sess03_FB010,0.7510000000000001
S03_Sess03_FB011,0.7260000000000001
S03_Sess03_FB012,0.7510000000000001
S03_Sess03_FB013,0.747
S03_Sess03_FB014,0.6470000000000001
S03_Sess03_FB015,0.7250000000000001
S03_Sess03_FB016,0.702
S03_Sess03_FB017,0.7170000000000001
S03_Sess03_FB018,0.7270000000000001
S03_Sess03_FB019,0.7769999999999999
S03_Sess03_FB020,0.743
S03_Sess03_FB021,0.6719999999999999
S03_Sess03_FB022,0.72
S03_Sess03_FB023,0.691
S03_Sess03_FB024,0.738
S03_Sess03_FB025,0.776
S03_Sess03_FB026,0.667
S03_Sess03_FB027,0.7460000000000001
S03_Sess03_FB028,0.7729999999999999
S03_Sess03_FB029,0.702
S03_Sess03_FB030,0.8190000000000001
S03_Sess03_FB031,0.705
S03_Sess03_FB032,0.683
S03_Sess03_FB033,0.714
S03_Sess03_FB034,0.742
S03_Sess03_FB035,0.6540000000000001
S03_Sess03_FB036,0.6880000000000001
S03_Sess03_FB037,0.8110000000000002
S03_Sess03_FB038,0.8190000000000001
S03_Sess03_FB039,0.7060000000000001
S03_Sess03_FB040,0.7290000000000001
S03_Sess03_FB041,0.661
S03_Sess03_FB042,0.675
S03_Sess03_FB043,0.7090000000000001
S03_Sess03_FB044,0.677
S03_Sess03_FB045,0.6900000000000001
S03_Sess03_FB046,0.696
S03_Sess03_FB047,0.778
S03_Sess03_FB048,0.744
S03_Sess03_FB049,0.685
S03_Sess03_FB050,0.74
S03_Sess03_FB051,0.7150000000000001
S03_Sess03_FB052,0.742
S03_Sess03_FB053,0.7090000000000001
S03_Sess03_FB054,0.75
S03_Sess03_FB055,0.7220000000000001
S03_Sess03_FB056,0.6040000000000001
S03_Sess03_FB057,0.6810000000000002
S03_Sess03_FB058,0.7610000000000001
S03_Sess03_FB059,0.718
S03_Sess03_FB060,0.6230000000000001
S03_Sess04_FB001,0.7789999999999999
S03_Sess04_FB002,0.764
S03_Sess04_FB003,0.779
S03_Sess04_FB004,0.8220000000000001
S03_Sess04_FB005,0.776
S03_Sess04_FB006,0.661
S03_Sess04_FB007,0.7170000000000001
S03_Sess04_FB008,0.7270000000000001
S03_Sess04_FB009,0.7600000000000001
S03_Sess04_FB010,0.7150000000000001
S03_Sess04_FB011,0.79
S03_Sess04_FB012,0.765
S03_Sess04_FB013,0.693
S03_Sess04_FB014,0.716
S03_Sess04_FB015,0.7710000000000001
S03_Sess04_FB016,0.7190000000000001
S03_Sess04_FB017,0.751
S03_Sess04_FB018,0.775
S03_Sess04_FB019,0.744
S03_Sess04_FB020,0.6680000000000001
S03_Sess04_FB021,0.75
S03_Sess04_FB022,0.7690000000000001
S03_Sess04_FB023,0.744
S03_Sess04_FB024,0.786
S03_Sess04_FB025,0.8099999999999999
S03_Sess04_FB026,0.6689999999999999
S03_Sess04_FB027,0.745
S03_Sess04_FB028,0.667
S03_Sess04_FB029,0.762
S03_Sess04_FB030,0.731
S03_Sess04_FB031,0.773
S03_Sess04_FB032,0.748
S03_Sess04_FB033,0.708
S03_Sess04_FB034,0.8150000000000001
S03_Sess04_FB035,0.72
S03_Sess04_FB036,0.723
S03_Sess04_FB037,0.7530000000000001
S03_Sess04_FB038,0.772
S03_Sess04_FB039,0.742
S03_Sess04_FB040,0.7410000000000001
S03_Sess04_FB041,0.6430000000000002
S03_Sess04_FB042,0.748
S03_Sess04_FB043,0.724
S03_Sess04_FB044,0.812
S03_Sess04_FB045,0.63
S03_Sess04_FB046,0.754
S03_Sess04_FB047,0.7909999999999999
S03_Sess04_FB048,0.729
S03_Sess04_FB049,0.738
S03_Sess04_FB050,0.775
S03_Sess04_FB051,0.7070000000000001
S03_Sess04_FB052,0.733
S03_Sess04_FB053,0.6990000000000001
S03_Sess04_FB054,0.729
S03_Sess04_FB055,0.782
S03_Sess04_FB056,0.7939999999999999
S03_Sess04_FB057,0.8200000000000001
S03_Sess04_FB058,0.806
S03_Sess04_FB059,0.7090000000000001
S03_Sess04_FB060,0.7839999999999999
S03_Sess05_FB001,0.7690000000000001
S03_Sess05_FB002,0.732
S03_Sess05_FB003,0.756
S03_Sess05_FB004,0.652
S03_Sess05_FB005,0.7250000000000001
S03_Sess05_FB006,0.762
S03_Sess05_FB007,0.7060000000000001
S03_Sess05_FB008,0.7110000000000001
S03_Sess05_FB009,0.7520000000000001
S03_Sess05_FB010,0.6950000000000001
S03_Sess05_FB011,0.7210000000000001
S03_Sess05_FB012,0.7949999999999999
S03_Sess05_FB013,0.804
S03_Sess05_FB014,0.6520000000000001
S03_Sess05_FB015,0.7060000000000001
S03_Sess05_FB016,0.7440000000000001
S03_Sess05_FB017,0.7700000000000001
S03_Sess05_FB018,0.768
S03_Sess05_FB019,0.8070000000000002
S03_Sess05_FB020,0.744
S03_Sess05_FB021,0.7649999999999999
S03_Sess05_FB022,0.73
S03_Sess05_FB023,0.773
S03_Sess05_FB024,0.7270000000000001
S03_Sess05_FB025,0.747
S03_Sess05_FB026,0.723
S03_Sess05_FB027,0.7170000000000001
S03_Sess05_FB028,0.7759999999999999
S03_Sess05_FB029,0.7490000000000001
S03_Sess05_FB030,0.699
S03_Sess05_FB031,0.758
S03_Sess05_FB032,0.733
S03_Sess05_FB033,0.7270000000000001
S03_Sess05_FB034,0.738
S03_Sess05_FB035,0.8109999999999999
S03_Sess05_FB036,0.751
S03_Sess05_FB037,0.7759999999999999
S03_Sess05_FB038,0.725
S03_Sess05_FB039,0.71
S03_Sess05_FB040,0.715
S03_Sess05_FB041,0.6659999999999999
S03_Sess05_FB042,0.6769999999999999
S03_Sess05_FB043,0.752
S03_Sess05_FB044,0.812
S03_Sess05_FB045,0.643
S03_Sess05_FB046,0.677
S03_Sess05_FB047,0.77
S03_Sess05_FB048,0.777
S03_Sess05_FB049,0.7310000000000001
S03_Sess05_FB050,0.757
S03_Sess05_FB051,0.7370000000000001
S03_Sess05_FB052,0.766
S03_Sess05_FB053,0.7020000000000002
S03_Sess05_FB054,0.7590000000000001
S03_Sess05_FB055,0.6659999999999999
S03_Sess05_FB056,0.7150000000000001
S03_Sess05_FB057,0.764
S03_Sess05_FB058,0.766
S03_Sess05_FB059,0.7230000000000001
S03_Sess05_FB060,0.7230000000000001
S03_Sess05_FB061,0.7470000000000001
S03_Sess05_FB062,0.732
S03_Sess05_FB063,0.802
S03_Sess05_FB064,0.7210000000000001
S03_Sess05_FB065,0.7130000000000001
S03_Sess05_FB066,0.6519999999999999
S03_Sess05_FB067,0.773
S03_Sess05_FB068,0.757
S03_Sess05_FB069,0.755
S03_Sess05_FB070,0.7839999999999999
S03_Sess05_FB071,0.7290000000000001
S03_Sess05_FB072,0.7819999999999999
S03_Sess05_FB073,0.799
S03_Sess05_FB074,0.774
S03_Sess05_FB075,0.758
S03_Sess05_FB076,0.761
S03_Sess05_FB077,0.71
S03_Sess05_FB078,0.687
S03_Sess05_FB079,0.7090000000000001
S03_Sess05_FB080,0.7250000000000001
S03_Sess05_FB081,0.6890000000000001
S03_Sess05_FB082,0.7350000000000001
S03_Sess05_FB083,0.717
S03_Sess05_FB084,0.728
S03_Sess05_FB085,0.731
S03_Sess05_FB086,0.689
S03_Sess05_FB087,0.747
S03_Sess05_FB088,0.784
S03_Sess05_FB089,0.8260000000000001
S03_Sess05_FB090,0.671
S03_Sess05_FB091,0.7450000000000001
S03_Sess05_FB092,0.786
S03_Sess05_FB093,0.6819999999999999
S03_Sess05_FB094,0.768
S03_Sess05_FB095,0.7
S03_Sess05_FB096,0.7650000000000001
S03_Sess05_FB097,0.752
S03_Sess05_FB098,0.762
S03_Sess05_FB099,0.7770000000000001
S03_Sess05_FB100,0.753
S04_Sess01_FB001,0.6910000000000001
S04_Sess01_FB002,0.6530000000000001
S04_Sess01_FB003,0.6829999999999999
S04_Sess01_FB004,0.706
S04_Sess01_FB005,0.687
S04_Sess01_FB006,0.7060000000000002
S04_Sess01_FB007,0.783
S04_Sess01_FB008,0.619
S04_Sess01_FB009,0.679
S04_Sess01_FB010,0.6749999999999999
S04_Sess01_FB011,0.7270000000000001
S04_Sess01_FB012,0.6410000000000002
S04_Sess01_FB013,0.682
S04_Sess01_FB014,0.719
S04_Sess01_FB015,0.658
S04_Sess01_FB016,0.673
S04_Sess01_FB017,0.73
S04_Sess01_FB018,0.6829999999999999
S04_Sess01_FB019,0.6910000000000001
S04_Sess01_FB020,0.7779999999999999
S04_Sess01_FB021,0.718
S04_Sess01_FB022,0.7150000000000001
S04_Sess01_FB023,0.745
S04_Sess01_FB024,0.7550000000000001
S04_Sess01_FB025,0.7359999999999999
S04_Sess01_FB026,0.6619999999999999
S04_Sess01_FB027,0.651
S04_Sess01_FB028,0.736
S04_Sess01_FB029,0.777
S04_Sess01_FB030,0.7000000000000002
S04_Sess01_FB031,0.72
S04_Sess01_FB032,0.6640000000000001
S04_Sess01_FB033,0.723
S04_Sess01_FB034,0.712
S04_Sess01_FB035,0.743
S04_Sess01_FB036,0.734
S04_Sess01_FB037,0.766
S04_Sess01_FB038,0.685
S04_Sess01_FB039,0.708
S04_Sess01_FB040,0.7829999999999999
S04_Sess01_FB041,0.5990000000000001
S04_Sess01_FB042,0.6500000000000001
S04_Sess01_FB043,0.7210000000000001
S04_Sess01_FB044,0.7440000000000001
S04_Sess01_FB045,0.619
S04_Sess01_FB046,0.696
S04_Sess01_FB047,0.766
S04_Sess01_FB048,0.758
S04_Sess01_FB049,0.735
S04_Sess01_FB050,0.729
S04_Sess01_FB051,0.6980000000000001
S04_Sess01_FB052,0.732
S04_Sess01_FB053,0.726
S04_Sess01_FB054,0.671
S04_Sess01_FB055,0.6440000000000001
S04_Sess01_FB056,0.7210000000000001
S04_Sess01_FB057,0.7910000000000001
S04_Sess01_FB058,0.6680000000000001
S04_Sess01_FB059,0.782
S04_Sess01_FB060,0.778
S04_Sess02_FB001,0.759
S04_Sess02_FB002,0.779
S04_Sess02_FB003,0.736
S04_Sess02_FB004,0.747
S04_Sess02_FB005,0.755
S04_Sess02_FB006,0.738
S04_Sess02_FB007,0.6789999999999999
S04_Sess02_FB008,0.7150000000000001
S04_Sess02_FB009,0.734
S04_Sess02_FB010,0.789
S04_Sess02_FB011,0.8130000000000001
S04_Sess02_FB012,0.734
S04_Sess02_FB013,0.72
S04_Sess02_FB014,0.7410000000000001
S04_Sess02_FB015,0.737
S04_Sess02_FB016,0.767
S04_Sess02_FB017,0.6859999999999999
S04_Sess02_FB018,0.7080000000000002
S04_Sess02_FB019,0.712
S04_Sess02_FB020,0.692
S04_Sess02_FB021,0.712
S04_Sess02_FB022,0.7110000000000001
S04_Sess02_FB023,0.75
S04_Sess02_FB024,0.7430000000000001
S04_Sess02_FB025,0.71
S04_Sess02_FB026,0.794
S04_Sess02_FB027,0.744
S04_Sess02_FB028,0.6980000000000001
S04_Sess02_FB029,0.6940000000000002
S04_Sess02_FB030,0.681
S04_Sess02_FB031,0.7100000000000002
S04_Sess02_FB032,0.694
S04_Sess02_FB033,0.744
S04_Sess02_FB034,0.764
S04_Sess02_FB035,0.729
S04_Sess02_FB036,0.75
S04_Sess02_FB037,0.766
S04_Sess02_FB038,0.768
S04_Sess02_FB039,0.759
S04_Sess02_FB040,0.6720000000000002
S04_Sess02_FB041,0.702
S04_Sess02_FB042,0.665
S04_Sess02_FB043,0.722
S04_Sess02_FB044,0.637
S04_Sess02_FB045,0.804
S04_Sess02_FB046,0.6640000000000001
S04_Sess02_FB047,0.721
S04_Sess02_FB048,0.736
S04_Sess02_FB049,0.794
S04_Sess02_FB050,0.6440000000000001
S04_Sess02_FB051,0.6779999999999999
S04_Sess02_FB052,0.746
S04_Sess02_FB053,0.722
S04_Sess02_FB054,0.6539999999999999
S04_Sess02_FB055,0.641
S04_Sess02_FB056,0.754
S04_Sess02_FB057,0.764
S04_Sess02_FB058,0.7430000000000001
S04_Sess02_FB059,0.621
S04_Sess02_FB060,0.721
S04_Sess03_FB001,0.7560000000000001
S04_Sess03_FB002,0.797
S04_Sess03_FB003,0.78
S04_Sess03_FB004,0.7460000000000001
S04_Sess03_FB005,0.69
S04_Sess03_FB006,0.78
S04_Sess03_FB007,0.754
S04_Sess03_FB008,0.7130000000000001
S04_Sess03_FB009,0.766
S04_Sess03_FB010,0.6960000000000001
S04_Sess03_FB011,0.7050000000000001
S04_Sess03_FB012,0.659
S04_Sess03_FB013,0.765
S04_Sess03_FB014,0.645
S04_Sess03_FB015,0.7010000000000001
S04_Sess03_FB016,0.691
S04_Sess03_FB017,0.6990000000000001
S04_Sess03_FB018,0.6920000000000001
S04_Sess03_FB019,0.696
S04_Sess03_FB020,0.714
S04_Sess03_FB021,0.744
S04_Sess03_FB022,0.721
S04_Sess03_FB023,0.77
S04_Sess03_FB024,0.7030000000000001
S04_Sess03_FB025,0.696
S04_Sess03_FB026,0.731
S04_Sess03_FB027,0.655
S04_Sess03_FB028,0.751
S04_Sess03_FB029,0.6800000000000002
S04_Sess03_FB030,0.8
S04_Sess03_FB031,0.714
S04_Sess03_FB032,0.663
S04_Sess03_FB033,0.758
S04_Sess03_FB034,0.764
S04_Sess03_FB035,0.776
S04_Sess03_FB036,0.734
S04_Sess03_FB037,0.7410000000000001
S04_Sess03_FB038,0.725
S04_Sess03_FB039,0.697
S04_Sess03_FB040,0.75
S04_Sess03_FB041,0.764
S04_Sess03_FB042,0.6679999999999999
S04_Sess03_FB043,0.778
S04_Sess03_FB044,0.732
S04_Sess03_FB045,0.715
S04_Sess03_FB046,0.765
S04_Sess03_FB047,0.6480000000000001
S04_Sess03_FB048,0.799
S04_Sess03_FB049,0.708
S04_Sess03_FB050,0.755
S04_Sess03_FB051,0.7010000000000001
S04_Sess03_FB052,0.7330000000000001
S04_Sess03_FB053,0.714
S04_Sess03_FB054,0.782
S04_Sess03_FB055,0.749
S04_Sess03_FB056,0.749
S04_Sess03_FB057,0.761
S04_Sess03_FB058,0.756
S04_Sess03_FB059,0.705
S04_Sess03_FB060,0.7170000000000001
S04_Sess04_FB001,0.677
S04_Sess04_FB002,0.631
S04_Sess04_FB003,0.785
S04_Sess04_FB004,0.747
S04_Sess04_FB005,0.7210000000000001
S04_Sess04_FB006,0.738
S04_Sess04_FB007,0.72
S04_Sess04_FB008,0.7140000000000002
S04_Sess04_FB009,0.781
S04_Sess04_FB010,0.6150000000000001
S04_Sess04_FB011,0.744
S04_Sess04_FB012,0.711
S04_Sess04_FB013,0.748
S04_Sess04_FB014,0.712
S04_Sess04_FB015,0.742
S04_Sess04_FB016,0.782
S04_Sess04_FB017,0.7190000000000001
S04_Sess04_FB018,0.75
S04_Sess04_FB019,0.751
S04_Sess04_FB020,0.7550000000000001
S04_Sess04_FB021,0.673
S04_Sess04_FB022,0.7330000000000001
S04_Sess04_FB023,0.7510000000000001
S04_Sess04_FB024,0.748
S04_Sess04_FB025,0.725
S04_Sess04_FB026,0.767
S04_Sess04_FB027,0.7480000000000001
S04_Sess04_FB028,0.6320000000000001
S04_Sess04_FB029,0.771
S04_Sess04_FB030,0.717
S04_Sess04_FB031,0.673
S04_Sess04_FB032,0.7670000000000001
S04_Sess04_FB033,0.779
S04_Sess04_FB034,0.6799999999999999
S04_Sess04_FB035,0.734
S04_Sess04_FB036,0.7030000000000001
S04_Sess04_FB037,0.7640000000000001
S04_Sess04_FB038,0.599
S04_Sess04_FB039,0.641
S04_Sess04_FB040,0.764
S04_Sess04_FB041,0.683
S04_Sess04_FB042,0.7610000000000001
S04_Sess04_FB043,0.682
S04_Sess04_FB044,0.6659999999999999
S04_Sess04_FB045,0.656
S04_Sess04_FB046,0.7390000000000001
S04_Sess04_FB047,0.723
S04_Sess04_FB048,0.662
S04_Sess04_FB049,0.739
S04_Sess04_FB050,0.6820000000000002
S04_Sess04_FB051,0.7810000000000001
S04_Sess04_FB052,0.679
S04_Sess04_FB053,0.7290000000000001
S04_Sess04_FB054,0.651
S04_Sess04_FB055,0.786
S04_Sess04_FB056,0.704
S04_Sess04_FB057,0.722
S04_Sess04_FB058,0.6900000000000001
S04_Sess04_FB059,0.801
S04_Sess04_FB060,0.7160000000000001
S04_Sess05_FB001,0.6880000000000002
S04_Sess05_FB002,0.7610000000000001
S04_Sess05_FB003,0.7330000000000001
S04_Sess05_FB004,0.7410000000000001
S04_Sess05_FB005,0.6990000000000001
S04_Sess05_FB006,0.737
S04_Sess05_FB007,0.724
S04_Sess05_FB008,0.669
S04_Sess05_FB009,0.7090000000000001
S04_Sess05_FB010,0.786
S04_Sess05_FB011,0.7230000000000001
S04_Sess05_FB012,0.72
S04_Sess05_FB013,0.6380000000000001
S04_Sess05_FB014,0.7050000000000001
S04_Sess05_FB015,0.78
S04_Sess05_FB016,0.7030000000000001
S04_Sess05_FB017,0.7230000000000001
S04_Sess05_FB018,0.7290000000000001
S04_Sess05_FB019,0.7350000000000001
S04_Sess05_FB020,0.7390000000000001
S04_Sess05_FB021,0.7370000000000001
S04_Sess05_FB022,0.7520000000000001
S04_Sess05_FB023,0.75
S04_Sess05_FB024,0.7430000000000001
S04_Sess05_FB025,0.683
S04_Sess05_FB026,0.722
S04_Sess05_FB027,0.7200000000000001
S04_Sess05_FB028,0.7250000000000001
S04_Sess05_FB029,0.7510000000000001
S04_Sess05_FB030,0.7610000000000001
S04_Sess05_FB031,0.759
S04_Sess05_FB032,0.7110000000000001
S04_Sess05_FB033,0.772
S04_Sess05_FB034,0.761
S04_Sess05_FB035,0.6859999999999999
S04_Sess05_FB036,0.716
S04_Sess05_FB037,0.722
S04_Sess05_FB038,0.687
S04_Sess05_FB039,0.7490000000000001
S04_Sess05_FB040,0.6430000000000002
S04_Sess05_FB041,0.756
S04_Sess05_FB042,0.771
S04_Sess05_FB043,0.742
S04_Sess05_FB044,0.7440000000000001
S04_Sess05_FB045,0.6799999999999999
S04_Sess05_FB046,0.744
S04_Sess05_FB047,0.7070000000000001
S04_Sess05_FB048,0.7120000000000001
S04_Sess05_FB049,0.7330000000000001
S04_Sess05_FB050,0.764
S04_Sess05_FB051,0.693
S04_Sess05_FB052,0.754
S04_Sess05_FB053,0.746
S04_Sess05_FB054,0.698
S04_Sess05_FB055,0.73
S04_Sess05_FB056,0.7450000000000001
S04_Sess05_FB057,0.752
S04_Sess05_FB058,0.6770000000000002
S04_Sess05_FB059,0.6819999999999999
S04_Sess05_FB060,0.7860000000000001
S04_Sess05_FB061,0.7090000000000001
S04_Sess05_FB062,0.6970000000000001
S04_Sess05_FB063,0.7430000000000001
S04_Sess05_FB064,0.7550000000000001
S04_Sess05_FB065,0.6740000000000002
S04_Sess05_FB066,0.6799999999999999
S04_Sess05_FB067,0.7350000000000001
S04_Sess05_FB068,0.736
S04_Sess05_FB069,0.7280000000000001
S04_Sess05_FB070,0.766
S04_Sess05_FB071,0.71
S04_Sess05_FB072,0.7830000000000001
S04_Sess05_FB073,0.7490000000000001
S04_Sess05_FB074,0.722
S04_Sess05_FB075,0.7050000000000001
S04_Sess05_FB076,0.6739999999999999
S04_Sess05_FB077,0.732
S04_Sess05_FB078,0.646
S04_Sess05_FB079,0.742
S04_Sess05_FB080,0.676
S04_Sess05_FB081,0.738
S04_Sess05_FB082,0.665
S04_Sess05_FB083,0.6540000000000001
S04_Sess05_FB084,0.667
S04_Sess05_FB085,0.7
S04_Sess05_FB086,0.7060000000000002
S04_Sess05_FB087,0.739
S04_Sess05_FB088,0.6500000000000001
S04_Sess05_FB089,0.7350000000000001
S04_Sess05_FB090,0.7050000000000001
S04_Sess05_FB091,0.704
S04_Sess05_FB092,0.726
S04_Sess05_FB093,0.72
S04_Sess05_FB094,0.6640000000000001
S04_Sess05_FB095,0.6440000000000001
S04_Sess05_FB096,0.687
S04_Sess05_FB097,0.762
S04_Sess05_FB098,0.668
S04_Sess05_FB099,0.762
S04_Sess05_FB100,0.73
S05_Sess01_FB001,0.73
S05_Sess01_FB002,0.8030000000000002
S05_Sess01_FB003,0.7130000000000001
S05_Sess01_FB004,0.7819999999999999
S05_Sess01_FB005,0.7390000000000001
S05_Sess01_FB006,0.72
S05_Sess01_FB007,0.752
S05_Sess01_FB008,0.812
S05_Sess01_FB009,0.6699999999999999
S05_Sess01_FB010,0.657
S05_Sess01_FB011,0.7050000000000001
S05_Sess01_FB012,0.744
S05_Sess01_FB013,0.811
S05_Sess01_FB014,0.6930000000000001
S05_Sess01_FB015,0.8109999999999999
S05_Sess01_FB016,0.709
S05_Sess01_FB017,0.71
S05_Sess01_FB018,0.671
S05_Sess01_FB019,0.75
S05_Sess01_FB020,0.7770000000000001
S05_Sess01_FB021,0.7650000000000001
S05_Sess01_FB022,0.73
S05_Sess01_FB023,0.8300000000000001
S05_Sess01_FB024,0.811
S05_Sess01_FB025,0.738
S05_Sess01_FB026,0.7609999999999999
S05_Sess01_FB027,0.731
S05_Sess01_FB028,0.7030000000000001
S05_Sess01_FB029,0.7290000000000001
S05_Sess01_FB030,0.7909999999999999
S05_Sess01_FB031,0.772
S05_Sess01_FB032,0.712
S05_Sess01_FB033,0.786
S05_Sess01_FB034,0.807
S05_Sess01_FB035,0.76
S05_Sess01_FB036,0.754
S05_Sess01_FB037,0.742
S05_Sess01_FB038,0.731
S05_Sess01_FB039,0.734
S05_Sess01_FB040,0.7190000000000001
S05_Sess01_FB041,0.744
S05_Sess01_FB042,0.759
S05_Sess01_FB043,0.772
S05_Sess01_FB044,0.694
S05_Sess01_FB045,0.776
S05_Sess01_FB046,0.741
S05_Sess01_FB047,0.7430000000000001
S05_Sess01_FB048,0.756
S05_Sess01_FB049,0.7869999999999999
S05_Sess01_FB050,0.8089999999999999
S05_Sess01_FB051,0.6539999999999999
S05_Sess01_FB052,0.766
S05_Sess01_FB053,0.746
S05_Sess01_FB054,0.739
S05_Sess01_FB055,0.739
S05_Sess01_FB056,0.779
S05_Sess01_FB057,0.726
S05_Sess01_FB058,0.782
S05_Sess01_FB059,0.809
S05_Sess01_FB060,0.795
S05_Sess02_FB001,0.735
S05_Sess02_FB002,0.7990000000000002
S05_Sess02_FB003,0.7350000000000001
S05_Sess02_FB004,0.789
S05_Sess02_FB005,0.761
S05_Sess02_FB006,0.748
S05_Sess02_FB007,0.7390000000000001
S05_Sess02_FB008,0.7670000000000001
S05_Sess02_FB009,0.763
S05_Sess02_FB010,0.782
S05_Sess02_FB011,0.768
S05_Sess02_FB012,0.753
S05_Sess02_FB013,0.833
S05_Sess02_FB014,0.7859999999999999
S05_Sess02_FB015,0.746
S05_Sess02_FB016,0.7370000000000001
S05_Sess02_FB017,0.7969999999999999
S05_Sess02_FB018,0.794
S05_Sess02_FB019,0.8500000000000001
S05_Sess02_FB020,0.756
S05_Sess02_FB021,0.699
S05_Sess02_FB022,0.759
S05_Sess02_FB023,0.771
S05_Sess02_FB024,0.77
S05_Sess02_FB025,0.832
S05_Sess02_FB026,0.786
S05_Sess02_FB027,0.7650000000000001
S05_Sess02_FB028,0.756
S05_Sess02_FB029,0.758
S05_Sess02_FB030,0.6679999999999999
S05_Sess02_FB031,0.714
S05_Sess02_FB032,0.73
S05_Sess02_FB033,0.7170000000000001
S05_Sess02_FB034,0.758
S05_Sess02_FB035,0.728
S05_Sess02_FB036,0.72
S05_Sess02_FB037,0.676
S05_Sess02_FB038,0.696
S05_Sess02_FB039,0.762
S05_Sess02_FB040,0.785
S05_Sess02_FB041,0.746
S05_Sess02_FB042,0.721
S05_Sess02_FB043,0.6799999999999999
S05_Sess02_FB044,0.678
S05_Sess02_FB045,0.631
S05_Sess02_FB046,0.746
S05_Sess02_FB047,0.776
S05_Sess02_FB048,0.772
S05_Sess02_FB049,0.736
S05_Sess02_FB050,0.766
S05_Sess02_FB051,0.7769999999999999
S05_Sess02_FB052,0.7420000000000001
S05_Sess02_FB053,0.724
S05_Sess02_FB054,0.8280000000000001
S05_Sess02_FB055,0.762
S05_Sess02_FB056,0.7670000000000001
S05_Sess02_FB057,0.6859999999999999
S05_Sess02_FB058,0.6699999999999999
S05_Sess02_FB059,0.6719999999999999
S05_Sess02_FB060,0.745
S05_Sess03_FB001,0.738
S05_Sess03_FB002,0.708
S05_Sess03_FB003,0.744
S05_Sess03_FB004,0.733
S05_Sess03_FB005,0.7579999999999999
S05_Sess03_FB006,0.756
S05_Sess03_FB007,0.758
S05_Sess03_FB008,0.781
S05_Sess03_FB009,0.729
S05_Sess03_FB010,0.759
S05_Sess03_FB011,0.722
S05_Sess03_FB012,0.784
S05_Sess03_FB013,0.7659999999999999
S05_Sess03_FB014,0.776
S05_Sess03_FB015,0.7450000000000001
S05_Sess03_FB016,0.768
S05_Sess03_FB017,0.784
S05_Sess03_FB018,0.743
S05_Sess03_FB019,0.747
S05_Sess03_FB020,0.793
S05_Sess03_FB021,0.747
S05_Sess03_FB022,0.623
S05_Sess03_FB023,0.7849999999999999
S05_Sess03_FB024,0.774
S05_Sess03_FB025,0.7180000000000001
S05_Sess03_FB026,0.754
S05_Sess03_FB027,0.724
S05_Sess03_FB028,0.661
S05_Sess03_FB029,0.6699999999999999
S05_Sess03_FB030,0.785
S05_Sess03_FB031,0.7719999999999999
S05_Sess03_FB032,0.7
S05_Sess03_FB033,0.742
S05_Sess03_FB034,0.75
S05_Sess03_FB035,0.7949999999999999
S05_Sess03_FB036,0.765
S05_Sess03_FB037,0.782
S05_Sess03_FB038,0.713
S05_Sess03_FB039,0.752
S05_Sess03_FB040,0.772
S05_Sess03_FB041,0.788
S05_Sess03_FB042,0.782
S05_Sess03_FB043,0.774
S05_Sess03_FB044,0.6950000000000001
S05_Sess03_FB045,0.796
S05_Sess03_FB046,0.7330000000000001
S05_Sess03_FB047,0.773
S05_Sess03_FB048,0.7699999999999999
S05_Sess03_FB049,0.7479999999999999
S05_Sess03_FB050,0.713
S05_Sess03_FB051,0.7729999999999999
S05_Sess03_FB052,0.732
S05_Sess03_FB053,0.795
S05_Sess03_FB054,0.7930000000000001
S05_Sess03_FB055,0.6859999999999999
S05_Sess03_FB056,0.7430000000000001
S05_Sess03_FB057,0.748
S05_Sess03_FB058,0.769
S05_Sess03_FB059,0.75
S05_Sess03_FB060,0.732
S05_Sess04_FB001,0.7530000000000001
S05_Sess04_FB002,0.776
S05_Sess04_FB003,0.6380000000000001
S05_Sess04_FB004,0.727
S05_Sess04_FB005,0.8
S05_Sess04_FB006,0.743
S05_Sess04_FB007,0.79
S05_Sess04_FB008,0.8039999999999999
S05_Sess04_FB009,0.6639999999999999
S05_Sess04_FB010,0.744
S05_Sess04_FB011,0.775
S05_Sess04_FB012,0.669
S05_Sess04_FB013,0.742
S05_Sess04_FB014,0.779
S05_Sess04_FB015,0.757
S05_Sess04_FB016,0.83
S05_Sess04_FB017,0.75
S05_Sess04_FB018,0.6729999999999999
S05_Sess04_FB019,0.679
S05_Sess04_FB020,0.7999999999999999
S05_Sess04_FB021,0.647
S05_Sess04_FB022,0.6839999999999999
S05_Sess04_FB023,0.7270000000000001
S05_Sess04_FB024,0.714
S05_Sess04_FB025,0.7130000000000001
S05_Sess04_FB026,0.79
S05_Sess04_FB027,0.7070000000000001
S05_Sess04_FB028,0.749
S05_Sess04_FB029,0.734
S05_Sess04_FB030,0.786
S05_Sess04_FB031,0.7170000000000001
S05_Sess04_FB032,0.74
S05_Sess04_FB033,0.77
S05_Sess04_FB034,0.798
S05_Sess04_FB035,0.7170000000000001
S05_Sess04_FB036,0.6880000000000001
S05_Sess04_FB037,0.7700000000000001
S05_Sess04_FB038,0.771
S05_Sess04_FB039,0.6970000000000001
S05_Sess04_FB040,0.8049999999999999
S05_Sess04_FB041,0.7939999999999999
S05_Sess04_FB042,0.733
S05_Sess04_FB043,0.724
S05_Sess04_FB044,0.759
S05_Sess04_FB045,0.759
S05_Sess04_FB046,0.777
S05_Sess04_FB047,0.77
S05_Sess04_FB048,0.774
S05_Sess04_FB049,0.764
S05_Sess04_FB050,0.764
S05_Sess04_FB051,0.732
S05_Sess04_FB052,0.8180000000000001
S05_Sess04_FB053,0.764
S05_Sess04_FB054,0.6890000000000001
S05_Sess04_FB055,0.775
S05_Sess04_FB056,0.722
S05_Sess04_FB057,0.75
S05_Sess04_FB058,0.765
S05_Sess04_FB059,0.674
S05_Sess04_FB060,0.7270000000000001
S05_Sess05_FB001,0.728
S05_Sess05_FB002,0.746
S05_Sess05_FB003,0.723
S05_Sess05_FB004,0.72
S05_Sess05_FB005,0.7649999999999999
S05_Sess05_FB006,0.728
S05_Sess05_FB007,0.6539999999999999
S05_Sess05_FB008,0.725
S05_Sess05_FB009,0.712
S05_Sess05_FB010,0.726
S05_Sess05_FB011,0.746
S05_Sess05_FB012,0.6679999999999999
S05_Sess05_FB013,0.724
S05_Sess05_FB014,0.688
S05_Sess05_FB015,0.785
S05_Sess05_FB016,0.778
S05_Sess05_FB017,0.734
S05_Sess05_FB018,0.7450000000000001
S05_Sess05_FB019,0.71
S05_Sess05_FB020,0.6890000000000001
S05_Sess05_FB021,0.7320000000000002
S05_Sess05_FB022,0.716
S05_Sess05_FB023,0.746
S05_Sess05_FB024,0.7450000000000001
S05_Sess05_FB025,0.7370000000000001
S05_Sess05_FB026,0.7350000000000001
S05_Sess05_FB027,0.78
S05_Sess05_FB028,0.776
S05_Sess05_FB029,0.6809999999999999
S05_Sess05_FB030,0.726
S05_Sess05_FB031,0.717
S05_Sess05_FB032,0.73
S05_Sess05_FB033,0.713
S05_Sess05_FB034,0.731
S05_Sess05_FB035,0.6839999999999999
S05_Sess05_FB036,0.803
S05_Sess05_FB037,0.787
S05_Sess05_FB038,0.762
S05_Sess05_FB039,0.726
S05_Sess05_FB040,0.733
S05_Sess05_FB041,0.7510000000000001
S05_Sess05_FB042,0.6760000000000002
S05_Sess05_FB043,0.724
S05_Sess05_FB044,0.821
S05_Sess05_FB045,0.77
S05_Sess05_FB046,0.6890000000000001
S05_Sess05_FB047,0.798
S05_Sess05_FB048,0.7430000000000001
S05_Sess05_FB049,0.751
S05_Sess05_FB050,0.6709999999999999
S05_Sess05_FB051,0.766
S05_Sess05_FB052,0.729
S05_Sess05_FB053,0.7389999999999999
S05_Sess05_FB054,0.782
S05_Sess05_FB055,0.7490000000000001
S05_Sess05_FB056,0.717
S05_Sess05_FB057,0.76
S05_Sess05_FB058,0.757
S05_Sess05_FB059,0.722
S05_Sess05_FB060,0.712
S05_Sess05_FB061,0.7929999999999999
S05_Sess05_FB062,0.784
S05_Sess05_FB063,0.7570000000000001
S05_Sess05_FB064,0.697
S05_Sess05_FB065,0.758
S05_Sess05_FB066,0.735
S05_Sess05_FB067,0.6699999999999999
S05_Sess05_FB068,0.7570000000000001
S05_Sess05_FB069,0.717
S05_Sess05_FB070,0.8380000000000001
S05_Sess05_FB071,0.737
S05_Sess05_FB072,0.7110000000000001
S05_Sess05_FB073,0.722
S05_Sess05_FB074,0.7930000000000001
S05_Sess05_FB075,0.745
S05_Sess05_FB076,0.7270000000000001
S05_Sess05_FB077,0.7490000000000001
S05_Sess05_FB078,0.7590000000000001
S05_Sess05_FB079,0.694
S05_Sess05_FB080,0.747
S05_Sess05_FB081,0.769
S05_Sess05_FB082,0.659
S05_Sess05_FB083,0.746
S05_Sess05_FB084,0.802
S05_Sess05_FB085,0.6890000000000001
S05_Sess05_FB086,0.788
S05_Sess05_FB087,0.7739999999999999
S05_Sess05_FB088,0.76
S05_Sess05_FB089,0.743
S05_Sess05_FB090,0.733
S05_Sess05_FB091,0.722
S05_Sess05_FB092,0.743
S05_Sess05_FB093,0.7
S05_Sess05_FB094,0.702
S05_Sess05_FB095,0.78
S05_Sess05_FB096,0.763
S05_Sess05_FB097,0.78
S05_Sess05_FB098,0.631
S05_Sess05_FB099,0.725
S05_Sess05_FB100,0.7589999999999999
S08_Sess01_FB001,0.721
S08_Sess01_FB002,0.6719999999999999
S08_Sess01_FB003,0.702
S08_Sess01_FB004,0.7170000000000001
S08_Sess01_FB005,0.732
S08_Sess01_FB006,0.6829999999999999
S08_Sess01_FB007,0.6640000000000001
S08_Sess01_FB008,0.7510000000000001
S08_Sess01_FB009,0.739
S08_Sess01_FB010,0.7809999999999999
S08_Sess01_FB011,0.737
S08_Sess01_FB012,0.742
S08_Sess01_FB013,0.739
S08_Sess01_FB014,0.772
S08_Sess01_FB015,0.714
S08_Sess01_FB016,0.6439999999999999
S08_Sess01_FB017,0.758
S08_Sess01_FB018,0.755
S08_Sess01_FB019,0.739
S08_Sess01_FB020,0.7370000000000001
S08_Sess01_FB021,0.6680000000000001
S08_Sess01_FB022,0.7310000000000001
S08_Sess01_FB023,0.71
S08_Sess01_FB024,0.6390000000000001
S08_Sess01_FB025,0.6170000000000001
S08_Sess01_FB026,0.705
S08_Sess01_FB027,0.771
S08_Sess01_FB028,0.6960000000000001
S08_Sess01_FB029,0.801
S08_Sess01_FB030,0.692
S08_Sess01_FB031,0.5820000000000001
S08_Sess01_FB032,0.799
S08_Sess01_FB033,0.747
S08_Sess01_FB034,0.6760000000000002
S08_Sess01_FB035,0.657
S08_Sess01_FB036,0.727
S08_Sess01_FB037,0.671
S08_Sess01_FB038,0.764
S08_Sess01_FB039,0.6220000000000001
S08_Sess01_FB040,0.717
S08_Sess01_FB041,0.697
S08_Sess01_FB042,0.759
S08_Sess01_FB043,0.7450000000000001
S08_Sess01_FB044,0.721
S08_Sess01_FB045,0.719
S08_Sess01_FB046,0.782
S08_Sess01_FB047,0.6910000000000001
S08_Sess01_FB048,0.742
S08_Sess01_FB049,0.718
S08_Sess01_FB050,0.676
S08_Sess01_FB051,0.676
S08_Sess01_FB052,0.715
S08_Sess01_FB053,0.749
S08_Sess01_FB054,0.5880000000000001
S08_Sess01_FB055,0.669
S08_Sess01_FB056,0.7430000000000001
S08_Sess01_FB057,0.7
S08_Sess01_FB058,0.8220000000000001
S08_Sess01_FB059,0.7510000000000001
S08_Sess01_FB060,0.748
S08_Sess02_FB001,0.702
S08_Sess02_FB002,0.769
S08_Sess02_FB003,0.736
S08_Sess02_FB004,0.7789999999999999
S08_Sess02_FB005,0.716
S08_Sess02_FB006,0.7809999999999999
S08_Sess02_FB007,0.738
S08_Sess02_FB008,0.6970000000000001
S08_Sess02_FB009,0.783
S08_Sess02_FB010,0.735
S08_Sess02_FB011,0.738
S08_Sess02_FB012,0.735
S08_Sess02_FB013,0.7
S08_Sess02_FB014,0.756
S08_Sess02_FB015,0.746
S08_Sess02_FB016,0.703
S08_Sess02_FB017,0.709
S08_Sess02_FB018,0.7
S08_Sess02_FB019,0.675
S08_Sess02_FB020,0.726
S08_Sess02_FB021,0.6230000000000001
S08_Sess02_FB022,0.7670000000000001
S08_Sess02_FB023,0.702
S08_Sess02_FB024,0.712
S08_Sess02_FB025,0.7420000000000001
S08_Sess02_FB026,0.676
S08_Sess02_FB027,0.6880000000000001
S08_Sess02_FB028,0.6699999999999999
S08_Sess02_FB029,0.6679999999999999
S08_Sess02_FB030,0.719
S08_Sess02_FB031,0.703
S08_Sess02_FB032,0.726
S08_Sess02_FB033,0.746
S08_Sess02_FB034,0.6579999999999999
S08_Sess02_FB035,0.719
S08_Sess02_FB036,0.707
S08_Sess02_FB037,0.805
S08_Sess02_FB038,0.7710000000000001
S08_Sess02_FB039,0.6359999999999999
S08_Sess02_FB040,0.7370000000000001
S08_Sess02_FB041,0.765
S08_Sess02_FB042,0.742
S08_Sess02_FB043,0.748
S08_Sess02_FB044,0.731
S08_Sess02_FB045,0.6890000000000001
S08_Sess02_FB046,0.8049999999999999
S08_Sess02_FB047,0.779
S08_Sess02_FB048,0.796
S08_Sess02_FB049,0.7610000000000001
S08_Sess02_FB050,0.727
S08_Sess02_FB051,0.7170000000000001
S08_Sess02_FB052,0.757
S08_Sess02_FB053,0.7050000000000001
S08_Sess02_FB054,0.738
S08_Sess02_FB055,0.6800000000000002
S08_Sess02_FB056,0.752
S08_Sess02_FB057,0.7190000000000001
S08_Sess02_FB058,0.73
S08_Sess02_FB059,0.5890000000000001
S08_Sess02_FB060,0.697
S08_Sess03_FB001,0.732
S08_Sess03_FB002,0.751
S08_Sess03_FB003,0.727
S08_Sess03_FB004,0.728
S08_Sess03_FB005,0.761
S08_Sess03_FB006,0.7450000000000001
S08_Sess03_FB007,0.742
S08_Sess03_FB008,0.6460000000000001
S08_Sess03_FB009,0.7540000000000002
S08_Sess03_FB010,0.7010000000000001
S08_Sess03_FB011,0.728
S08_Sess03_FB012,0.702
S08_Sess03_FB013,0.7370000000000001
S08_Sess03_FB014,0.691
S08_Sess03_FB015,0.791
S08_Sess03_FB016,0.6910000000000001
S08_Sess03_FB017,0.777
S08_Sess03_FB018,0.6240000000000001
S08_Sess03_FB019,0.709
S08_Sess03_FB020,0.6950000000000001
S08_Sess03_FB021,0.738
S08_Sess03_FB022,0.769
S08_Sess03_FB023,0.6930000000000001
S08_Sess03_FB024,0.6380000000000001
S08_Sess03_FB025,0.6639999999999999
S08_Sess03_FB026,0.708
S08_Sess03_FB027,0.7170000000000001
S08_Sess03_FB028,0.766
S08_Sess03_FB029,0.643
S08_Sess03_FB030,0.726
S08_Sess03_FB031,0.5800000000000001
S08_Sess03_FB032,0.6779999999999999
S08_Sess03_FB033,0.6900000000000002
S08_Sess03_FB034,0.729
S08_Sess03_FB035,0.699
S08_Sess03_FB036,0.6580000000000001
S08_Sess03_FB037,0.656
S08_Sess03_FB038,0.7250000000000001
S08_Sess03_FB039,0.6260000000000001
S08_Sess03_FB040,0.688
S08_Sess03_FB041,0.761
S08_Sess03_FB042,0.739
S08_Sess03_FB043,0.613
S08_Sess03_FB044,0.765
S08_Sess03_FB045,0.7140000000000001
S08_Sess03_FB046,0.715
S08_Sess03_FB047,0.719
S08_Sess03_FB048,0.736
S08_Sess03_FB049,0.7220000000000001
S08_Sess03_FB050,0.712
S08_Sess03_FB051,0.758
S08_Sess03_FB052,0.7330000000000001
S08_Sess03_FB053,0.798
S08_Sess03_FB054,0.762
S08_Sess03_FB055,0.813
S08_Sess03_FB056,0.746
S08_Sess03_FB057,0.7410000000000001
S08_Sess03_FB058,0.7570000000000001
S08_Sess03_FB059,0.757
S08_Sess03_FB060,0.77
S08_Sess04_FB001,0.715
S08_Sess04_FB002,0.6630000000000001
S08_Sess04_FB003,0.6930000000000001
S08_Sess04_FB004,0.76
S08_Sess04_FB005,0.71
S08_Sess04_FB006,0.783
S08_Sess04_FB007,0.626
S08_Sess04_FB008,0.731
S08_Sess04_FB009,0.7290000000000001
S08_Sess04_FB010,0.6240000000000001
S08_Sess04_FB011,0.784
S08_Sess04_FB012,0.699
S08_Sess04_FB013,0.698
S08_Sess04_FB014,0.751
S08_Sess04_FB015,0.734
S08_Sess04_FB016,0.79
S08_Sess04_FB017,0.726
S08_Sess04_FB018,0.7070000000000001
S08_Sess04_FB019,0.6520000000000001
S08_Sess04_FB020,0.69
S08_Sess04_FB021,0.741
S08_Sess04_FB022,0.6100000000000001
S08_Sess04_FB023,0.6679999999999999
S08_Sess04_FB024,0.7390000000000001
S08_Sess04_FB025,0.702
S08_Sess04_FB026,0.7
S08_Sess04_FB027,0.6200000000000001
S08_Sess04_FB028,0.759
S08_Sess04_FB029,0.6829999999999999
S08_Sess04_FB030,0.716
S08_Sess04_FB031,0.788
S08_Sess04_FB032,0.754
S08_Sess04_FB033,0.741
S08_Sess04_FB034,0.722
S08_Sess04_FB035,0.7610000000000001
S08_Sess04_FB036,0.651
S08_Sess04_FB037,0.71
S08_Sess04_FB038,0.699
S08_Sess04_FB039,0.6890000000000001
S08_Sess04_FB040,0.627
S08_Sess04_FB041,0.6170000000000001
S08_Sess04_FB042,0.6839999999999999
S08_Sess04_FB043,0.6819999999999999
S08_Sess04_FB044,0.687
S08_Sess04_FB045,0.71
S08_Sess04_FB046,0.73
S08_Sess04_FB047,0.7330000000000001
S08_Sess04_FB048,0.683
S08_Sess04_FB049,0.778
S08_Sess04_FB050,0.755
S08_Sess04_FB051,0.7390000000000001
S08_Sess04_FB052,0.727
S08_Sess04_FB053,0.748
S08_Sess04_FB054,0.6980000000000001
S08_Sess04_FB055,0.732
S08_Sess04_FB056,0.7190000000000001
S08_Sess04_FB057,0.706
S08_Sess04_FB058,0.79
S08_Sess04_FB059,0.7110000000000001
S08_Sess04_FB060,0.74
S08_Sess05_FB001,0.7290000000000001
S08_Sess05_FB002,0.728
S08_Sess05_FB003,0.699
S08_Sess05_FB004,0.69
S08_Sess05_FB005,0.795
S08_Sess05_FB006,0.762
S08_Sess05_FB007,0.747
S08_Sess05_FB008,0.7060000000000001
S08_Sess05_FB009,0.72
S08_Sess05_FB010,0.758
S08_Sess05_FB011,0.7270000000000001
S08_Sess05_FB012,0.72
S08_Sess05_FB013,0.6930000000000001
S08_Sess05_FB014,0.7699999999999999
S08_Sess05_FB015,0.7430000000000001
S08_Sess05_FB016,0.7739999999999999
S08_Sess05_FB017,0.702
S08_Sess05_FB018,0.7310000000000001
S08_Sess05_FB019,0.734
S08_Sess05_FB020,0.6619999999999999
S08_Sess05_FB021,0.734
S08_Sess05_FB022,0.601
S08_Sess05_FB023,0.694
S08_Sess05_FB024,0.738
S08_Sess05_FB025,0.698
S08_Sess05_FB026,0.741
S08_Sess05_FB027,0.6789999999999999
S08_Sess05_FB028,0.744
S08_Sess05_FB029,0.737
S08_Sess05_FB030,0.6900000000000001
S08_Sess05_FB031,0.627
S08_Sess05_FB032,0.619
S08_Sess05_FB033,0.746
S08_Sess05_FB034,0.743
S08_Sess05_FB035,0.763
S08_Sess05_FB036,0.721
S08_Sess05_FB037,0.7410000000000001
S08_Sess05_FB038,0.7230000000000001
S08_Sess05_FB039,0.748
S08_Sess05_FB040,0.7490000000000001
S08_Sess05_FB041,0.684
S08_Sess05_FB042,0.735
S08_Sess05_FB043,0.716
S08_Sess05_FB044,0.744
S08_Sess05_FB045,0.808
S08_Sess05_FB046,0.6100000000000001
S08_Sess05_FB047,0.776
S08_Sess05_FB048,0.7609999999999999
S08_Sess05_FB049,0.6639999999999999
S08_Sess05_FB050,0.76
S08_Sess05_FB051,0.734
S08_Sess05_FB052,0.724
S08_Sess05_FB053,0.7490000000000001
S08_Sess05_FB054,0.687
S08_Sess05_FB055,0.708
S08_Sess05_FB056,0.7950000000000002
S08_Sess05_FB057,0.7050000000000001
S08_Sess05_FB058,0.775
S08_Sess05_FB059,0.631
S08_Sess05_FB060,0.6890000000000001
S08_Sess05_FB061,0.7530000000000001
S08_Sess05_FB062,0.71
S08_Sess05_FB063,0.747
S08_Sess05_FB064,0.661
S08_Sess05_FB065,0.762
S08_Sess05_FB066,0.7470000000000001
S08_Sess05_FB067,0.7709999999999999
S08_Sess05_FB068,0.751
S08_Sess05_FB069,0.6800000000000002
S08_Sess05_FB070,0.7579999999999999
S08_Sess05_FB071,0.7510000000000001
S08_Sess05_FB072,0.742
S08_Sess05_FB073,0.724
S08_Sess05_FB074,0.709
S08_Sess05_FB075,0.757
S08_Sess05_FB076,0.77
S08_Sess05_FB077,0.7010000000000001
S08_Sess05_FB078,0.749
S08_Sess05_FB079,0.753
S08_Sess05_FB080,0.736
S08_Sess05_FB081,0.778
S08_Sess05_FB082,0.724
S08_Sess05_FB083,0.707
S08_Sess05_FB084,0.774
S08_Sess05_FB085,0.817
S08_Sess05_FB086,0.7040000000000001
S08_Sess05_FB087,0.754
S08_Sess05_FB088,0.655
S08_Sess05_FB089,0.5920000000000001
S08_Sess05_FB090,0.74
S08_Sess05_FB091,0.756
S08_Sess05_FB092,0.756
S08_Sess05_FB093,0.7790000000000001
S08_Sess05_FB094,0.73
S08_Sess05_FB095,0.738
S08_Sess05_FB096,0.797
S08_Sess05_FB097,0.736
S08_Sess05_FB098,0.6660000000000001
S08_Sess05_FB099,0.7370000000000001
S08_Sess05_FB100,0.611
S09_Sess01_FB001,0.6839999999999999
S09_Sess01_FB002,0.726
S09_Sess01_FB003,0.704
S09_Sess01_FB004,0.7809999999999999
S09_Sess01_FB005,0.7170000000000001
S09_Sess01_FB006,0.77
S09_Sess01_FB007,0.769
S09_Sess01_FB008,0.8
S09_Sess01_FB009,0.7750000000000001
S09_Sess01_FB010,0.661
S09_Sess01_FB011,0.815
S09_Sess01_FB012,0.724
S09_Sess01_FB013,0.77
S09_Sess01_FB014,0.698
S09_Sess01_FB015,0.748
S09_Sess01_FB016,0.6500000000000001
S09_Sess01_FB017,0.7810000000000001
S09_Sess01_FB018,0.759
S09_Sess01_FB019,0.735
S09_Sess01_FB020,0.764
S09_Sess01_FB021,0.7519999999999999
S09_Sess01_FB022,0.6679999999999999
S09_Sess01_FB023,0.7110000000000001
S09_Sess01_FB024,0.742
S09_Sess01_FB025,0.7190000000000001
S09_Sess01_FB026,0.7030000000000001
S09_Sess01_FB027,0.766
S09_Sess01_FB028,0.8049999999999999
S09_Sess01_FB029,0.7870000000000001
S09_Sess01_FB030,0.768
S09_Sess01_FB031,0.738
S09_Sess01_FB032,0.7110000000000001
S09_Sess01_FB033,0.8250000000000002
S09_Sess01_FB034,0.693
S09_Sess01_FB035,0.735
S09_Sess01_FB036,0.73
S09_Sess01_FB037,0.7190000000000001
S09_Sess01_FB038,0.732
S09_Sess01_FB039,0.78
S09_Sess01_FB040,0.7520000000000001
S09_Sess01_FB041,0.8479999999999999
S09_Sess01_FB042,0.7310000000000001
S09_Sess01_FB043,0.777
S09_Sess01_FB044,0.804
S09_Sess01_FB045,0.726
S09_Sess01_FB046,0.847
S09_Sess01_FB047,0.81
S09_Sess01_FB048,0.6260000000000001
S09_Sess01_FB049,0.809
S09_Sess01_FB050,0.8009999999999999
S09_Sess01_FB051,0.7250000000000001
S09_Sess01_FB052,0.648
S09_Sess01_FB053,0.8010000000000002
S09_Sess01_FB054,0.716
S09_Sess01_FB055,0.747
S09_Sess01_FB056,0.7589999999999999
S09_Sess01_FB057,0.735
S09_Sess01_FB058,0.763
S09_Sess01_FB059,0.762
S09_Sess01_FB060,0.7659999999999999
S09_Sess02_FB001,0.724
S09_Sess02_FB002,0.753
S09_Sess02_FB003,0.6689999999999999
S09_Sess02_FB004,0.782
S09_Sess02_FB005,0.786
S09_Sess02_FB006,0.629
S09_Sess02_FB007,0.785
S09_Sess02_FB008,0.613
S09_Sess02_FB009,0.675
S09_Sess02_FB010,0.7630000000000001
S09_Sess02_FB011,0.815
S09_Sess02_FB012,0.7310000000000001
S09_Sess02_FB013,0.7530000000000001
S09_Sess02_FB014,0.762
S09_Sess02_FB015,0.786
S09_Sess02_FB016,0.7290000000000001
S09_Sess02_FB017,0.723
S09_Sess02_FB018,0.744
S09_Sess02_FB019,0.6430000000000001
S09_Sess02_FB020,0.76
S09_Sess02_FB021,0.794
S09_Sess02_FB022,0.815
S09_Sess02_FB023,0.8070000000000002
S09_Sess02_FB024,0.783
S09_Sess02_FB025,0.807
S09_Sess02_FB026,0.76
S09_Sess02_FB027,0.7070000000000001
S09_Sess02_FB028,0.787
S09_Sess02_FB029,0.699
S09_Sess02_FB030,0.637
S09_Sess02_FB031,0.812
S09_Sess02_FB032,0.7510000000000001
S09_Sess02_FB033,0.774
S09_Sess02_FB034,0.737
S09_Sess02_FB035,0.78
S09_Sess02_FB036,0.8010000000000002
S09_Sess02_FB037,0.72
S09_Sess02_FB038,0.7190000000000001
S09_Sess02_FB039,0.734
S09_Sess02_FB040,0.8079999999999999
S09_Sess02_FB041,0.786
S09_Sess02_FB042,0.759
S09_Sess02_FB043,0.792
S09_Sess02_FB044,0.7170000000000001
S09_Sess02_FB045,0.768
S09_Sess02_FB046,0.729
S09_Sess02_FB047,0.766
S09_Sess02_FB048,0.791
S09_Sess02_FB049,0.751
S09_Sess02_FB050,0.715
S09_Sess02_FB051,0.7630000000000001
S09_Sess02_FB052,0.6709999999999999
S09_Sess02_FB053,0.708
S09_Sess02_FB054,0.7570000000000001
S09_Sess02_FB055,0.775
S09_Sess02_FB056,0.707
S09_Sess02_FB057,0.735
S09_Sess02_FB058,0.797
S09_Sess02_FB059,0.7859999999999999
S09_Sess02_FB060,0.8
S09_Sess03_FB001,0.746
S09_Sess03_FB002,0.763
S09_Sess03_FB003,0.7910000000000001
S09_Sess03_FB004,0.6580000000000001
S09_Sess03_FB005,0.756
S09_Sess03_FB006,0.633
S09_Sess03_FB007,0.707
S09_Sess03_FB008,0.771
S09_Sess03_FB009,0.7659999999999999
S09_Sess03_FB010,0.786
S09_Sess03_FB011,0.6719999999999999
S09_Sess03_FB012,0.7470000000000001
S09_Sess03_FB013,0.7670000000000001
S09_Sess03_FB014,0.786
S09_Sess03_FB015,0.758
S09_Sess03_FB016,0.778
S09_Sess03_FB017,0.671
S09_Sess03_FB018,0.762
S09_Sess03_FB019,0.7939999999999999
S09_Sess03_FB020,0.749
S09_Sess03_FB021,0.802
S09_Sess03_FB022,0.815
S09_Sess03_FB023,0.7870000000000001
S09_Sess03_FB024,0.7590000000000001
S09_Sess03_FB025,0.776
S09_Sess03_FB026,0.7170000000000001
S09_Sess03_FB027,0.766
S09_Sess03_FB028,0.766
S09_Sess03_FB029,0.7130000000000001
S09_Sess03_FB030,0.773
S09_Sess03_FB031,0.748
S09_Sess03_FB032,0.756
S09_Sess03_FB033,0.748
S09_Sess03_FB034,0.813
S09_Sess03_FB035,0.746
S09_Sess03_FB036,0.6839999999999999
S09_Sess03_FB037,0.728
S09_Sess03_FB038,0.746
S09_Sess03_FB039,0.6340000000000001
S09_Sess03_FB040,0.7410000000000001
S09_Sess03_FB041,0.752
S09_Sess03_FB042,0.6779999999999999
S09_Sess03_FB043,0.737
S09_Sess03_FB044,0.6709999999999999
S09_Sess03_FB045,0.721
S09_Sess03_FB046,0.7050000000000001
S09_Sess03_FB047,0.7710000000000001
S09_Sess03_FB048,0.7590000000000001
S09_Sess03_FB049,0.81
S09_Sess03_FB050,0.7510000000000001
S09_Sess03_FB051,0.806
S09_Sess03_FB052,0.8360000000000001
S09_Sess03_FB053,0.7290000000000001
S09_Sess03_FB054,0.7170000000000001
S09_Sess03_FB055,0.817
S09_Sess03_FB056,0.777
S09_Sess03_FB057,0.741
S09_Sess03_FB058,0.794
S09_Sess03_FB059,0.6910000000000001
S09_Sess03_FB060,0.7690000000000001
S09_Sess04_FB001,0.7690000000000001
S09_Sess04_FB002,0.7340000000000001
S09_Sess04_FB003,0.757
S09_Sess04_FB004,0.731
S09_Sess04_FB005,0.815
S09_Sess04_FB006,0.761
S09_Sess04_FB007,0.747
S09_Sess04_FB008,0.8500000000000001
S09_Sess04_FB009,0.7110000000000001
S09_Sess04_FB010,0.683
S09_Sess04_FB011,0.75
S09_Sess04_FB012,0.7140000000000002
S09_Sess04_FB013,0.8300000000000001
S09_Sess04_FB014,0.7530000000000001
S09_Sess04_FB015,0.77
S09_Sess04_FB016,0.7670000000000001
S09_Sess04_FB017,0.8030000000000002
S09_Sess04_FB018,0.7370000000000001
S09_Sess04_FB019,0.754
S09_Sess04_FB020,0.7370000000000001
S09_Sess04_FB021,0.788
S09_Sess04_FB022,0.725
S09_Sess04_FB023,0.766
S09_Sess04_FB024,0.8140000000000001
S09_Sess04_FB025,0.845
S09_Sess04_FB026,0.742
S09_Sess04_FB027,0.7590000000000001
S09_Sess04_FB028,0.8109999999999999
S09_Sess04_FB029,0.7090000000000001
S09_Sess04_FB030,0.795
S09_Sess04_FB031,0.733
S09_Sess04_FB032,0.761
S09_Sess04_FB033,0.825
S09_Sess04_FB034,0.7370000000000001
S09_Sess04_FB035,0.77
S09_Sess04_FB036,0.7750000000000001
S09_Sess04_FB037,0.6660000000000001
S09_Sess04_FB038,0.792
S09_Sess04_FB039,0.75
S09_Sess04_FB040,0.698
S09_Sess04_FB041,0.794
S09_Sess04_FB042,0.74
S09_Sess04_FB043,0.769
S09_Sess04_FB044,0.756
S09_Sess04_FB045,0.7430000000000001
S09_Sess04_FB046,0.792
S09_Sess04_FB047,0.796
S09_Sess04_FB048,0.7050000000000001
S09_Sess04_FB049,0.879
S09_Sess04_FB050,0.756
S09_Sess04_FB051,0.7150000000000001
S09_Sess04_FB052,0.6759999999999999
S09_Sess04_FB053,0.811
S09_Sess04_FB054,0.84
S09_Sess04_FB055,0.82
S09_Sess04_FB056,0.728
S09_Sess04_FB057,0.8419999999999999
S09_Sess04_FB058,0.753
S09_Sess04_FB059,0.794
S09_Sess04_FB060,0.7959999999999999
S09_Sess05_FB001,0.766
S09_Sess05_FB002,0.753
S09_Sess05_FB003,0.752
S09_Sess05_FB004,0.73
S09_Sess05_FB005,0.72
S09_Sess05_FB006,0.7240000000000002
S09_Sess05_FB007,0.6799999999999999
S09_Sess05_FB008,0.782
S09_Sess05_FB009,0.694
S09_Sess05_FB010,0.7560000000000001
S09_Sess05_FB011,0.746
S09_Sess05_FB012,0.7759999999999999
S09_Sess05_FB013,0.732
S09_Sess05_FB014,0.713
S09_Sess05_FB015,0.753
S09_Sess05_FB016,0.766
S09_Sess05_FB017,0.762
S09_Sess05_FB018,0.78
S09_Sess05_FB019,0.737
S09_Sess05_FB020,0.787
S09_Sess05_FB021,0.762
S09_Sess05_FB022,0.7690000000000001
S09_Sess05_FB023,0.6940000000000002
S09_Sess05_FB024,0.728
S09_Sess05_FB025,0.754
S09_Sess05_FB026,0.754
S09_Sess05_FB027,0.733
S09_Sess05_FB028,0.749
S09_Sess05_FB029,0.755
S09_Sess05_FB030,0.71
S09_Sess05_FB031,0.696
S09_Sess05_FB032,0.755
S09_Sess05_FB033,0.762
S09_Sess05_FB034,0.6799999999999999
S09_Sess05_FB035,0.7599999999999999
S09_Sess05_FB036,0.74
S09_Sess05_FB037,0.799
S09_Sess05_FB038,0.784
S09_Sess05_FB039,0.8089999999999999
S09_Sess05_FB040,0.741
S09_Sess05_FB041,0.7709999999999999
S09_Sess05_FB042,0.748
S09_Sess05_FB043,0.6970000000000001
S09_Sess05_FB044,0.7030000000000001
S09_Sess05_FB045,0.7110000000000001
S09_Sess05_FB046,0.79
S09_Sess05_FB047,0.767
S09_Sess05_FB048,0.794
S09_Sess05_FB049,0.708
S09_Sess05_FB050,0.8190000000000001
S09_Sess05_FB051,0.643
S09_Sess05_FB052,0.7190000000000001
S09_Sess05_FB053,0.764
S09_Sess05_FB054,0.7330000000000001
S09_Sess05_FB055,0.7930000000000001
S09_Sess05_FB056,0.734
S09_Sess05_FB057,0.8059999999999999
S09_Sess05_FB058,0.735
S09_Sess05_FB059,0.821
S09_Sess05_FB060,0.7829999999999999
S09_Sess05_FB061,0.702
S09_Sess05_FB062,0.764
S09_Sess05_FB063,0.6970000000000001
S09_Sess05_FB064,0.832
S09_Sess05_FB065,0.8160000000000001
S09_Sess05_FB066,0.774
S09_Sess05_FB067,0.711
S09_Sess05_FB068,0.773
S09_Sess05_FB069,0.7050000000000001
S09_Sess05_FB070,0.7610000000000001
S09_Sess05_FB071,0.694
S09_Sess05_FB072,0.6930000000000001
S09_Sess05_FB073,0.781
S09_Sess05_FB074,0.798
S09_Sess05_FB075,0.7809999999999999
S09_Sess05_FB076,0.747
S09_Sess05_FB077,0.692
S09_Sess05_FB078,0.625
S09_Sess05_FB079,0.8420000000000001
S09_Sess05_FB080,0.78
S09_Sess05_FB081,0.727
S09_Sess05_FB082,0.7610000000000001
S09_Sess05_FB083,0.714
S09_Sess05_FB084,0.7510000000000001
S09_Sess05_FB085,0.818
S09_Sess05_FB086,0.651
S09_Sess05_FB087,0.782
S09_Sess05_FB088,0.8110000000000002
S09_Sess05_FB089,0.797
S09_Sess05_FB090,0.784
S09_Sess05_FB091,0.75
S09_Sess05_FB092,0.726
S09_Sess05_FB093,0.7500000000000002
S09_Sess05_FB094,0.71
S09_Sess05_FB095,0.6839999999999999
S09_Sess05_FB096,0.702
S09_Sess05_FB097,0.803
S09_Sess05_FB098,0.776
S09_Sess05_FB099,0.73
S09_Sess05_FB100,0.792
S10_Sess01_FB001,0.736
S10_Sess01_FB002,0.6180000000000001
S10_Sess01_FB003,0.6540000000000001
S10_Sess01_FB004,0.6890000000000001
S10_Sess01_FB005,0.7910000000000001
S10_Sess01_FB006,0.6480000000000001
S10_Sess01_FB007,0.545
S10_Sess01_FB008,0.7170000000000001
S10_Sess01_FB009,0.664
S10_Sess01_FB010,0.666
S10_Sess01_FB011,0.6990000000000001
S10_Sess01_FB012,0.744
S10_Sess01_FB013,0.782
S10_Sess01_FB014,0.758
S10_Sess01_FB015,0.738
S10_Sess01_FB016,0.7729999999999999
S10_Sess01_FB017,0.732
S10_Sess01_FB018,0.6809999999999999
S10_Sess01_FB019,0.666
S10_Sess01_FB020,0.7350000000000001
S10_Sess01_FB021,0.779
S10_Sess01_FB022,0.6489999999999999
S10_Sess01_FB023,0.7849999999999999
S10_Sess01_FB024,0.738
S10_Sess01_FB025,0.611
S10_Sess01_FB026,0.7210000000000001
S10_Sess01_FB027,0.769
S10_Sess01_FB028,0.7839999999999999
S10_Sess01_FB029,0.74
S10_Sess01_FB030,0.716
S10_Sess01_FB031,0.757
S10_Sess01_FB032,0.795
S10_Sess01_FB033,0.773
S10_Sess01_FB034,0.754
S10_Sess01_FB035,0.794
S10_Sess01_FB036,0.7469999999999999
S10_Sess01_FB037,0.708
S10_Sess01_FB038,0.7350000000000001
S10_Sess01_FB039,0.756
S10_Sess01_FB040,0.76
S10_Sess01_FB041,0.79
S10_Sess01_FB042,0.7730000000000001
S10_Sess01_FB043,0.713
S10_Sess01_FB044,0.736
S10_Sess01_FB045,0.7190000000000001
S10_Sess01_FB046,0.773
S10_Sess01_FB047,0.8
S10_Sess01_FB048,0.7930000000000001
S10_Sess01_FB049,0.8140000000000001
S10_Sess01_FB050,0.735
S10_Sess01_FB051,0.758
S10_Sess01_FB052,0.753
S10_Sess01_FB053,0.7889999999999999
S10_Sess01_FB054,0.754
S10_Sess01_FB055,0.798
S10_Sess01_FB056,0.729
S10_Sess01_FB057,0.751
S10_Sess01_FB058,0.83
S10_Sess01_FB059,0.708
S10_Sess01_FB060,0.782
S10_Sess02_FB001,0.772
S10_Sess02_FB002,0.7310000000000001
S10_Sess02_FB003,0.653
S10_Sess02_FB004,0.7040000000000001
S10_Sess02_FB005,0.665
S10_Sess02_FB006,0.6500000000000001
S10_Sess02_FB007,0.755
S10_Sess02_FB008,0.6779999999999999
S10_Sess02_FB009,0.786
S10_Sess02_FB010,0.694
S10_Sess02_FB011,0.5640000000000001
S10_Sess02_FB012,0.6260000000000001
S10_Sess02_FB013,0.767
S10_Sess02_FB014,0.719
S10_Sess02_FB015,0.726
S10_Sess02_FB016,0.734
S10_Sess02_FB017,0.662
S10_Sess02_FB018,0.76
S10_Sess02_FB019,0.714
S10_Sess02_FB020,0.742
S10_Sess02_FB021,0.804
S10_Sess02_FB022,0.785
S10_Sess02_FB023,0.684
S10_Sess02_FB024,0.659
S10_Sess02_FB025,0.7850000000000001
S10_Sess02_FB026,0.762
S10_Sess02_FB027,0.7150000000000001
S10_Sess02_FB028,0.7290000000000001
S10_Sess02_FB029,0.7390000000000001
S10_Sess02_FB030,0.794
S10_Sess02_FB031,0.713
S10_Sess02_FB032,0.666
S10_Sess02_FB033,0.778
S10_Sess02_FB034,0.714
S10_Sess02_FB035,0.7789999999999999
S10_Sess02_FB036,0.778
S10_Sess02_FB037,0.7680000000000001
S10_Sess02_FB038,0.74
S10_Sess02_FB039,0.7809999999999999
S10_Sess02_FB040,0.7070000000000001
S10_Sess02_FB041,0.753
S10_Sess02_FB042,0.8200000000000001
S10_Sess02_FB043,0.6769999999999999
S10_Sess02_FB044,0.782
S10_Sess02_FB045,0.7739999999999999
S10_Sess02_FB046,0.7030000000000001
S10_Sess02_FB047,0.802
S10_Sess02_FB048,0.801
S10_Sess02_FB049,0.8300000000000001
S10_Sess02_FB050,0.7950000000000002
S10_Sess02_FB051,0.607
S10_Sess02_FB052,0.775
S10_Sess02_FB053,0.757
S10_Sess02_FB054,0.7950000000000002
S10_Sess02_FB055,0.7979999999999999
S10_Sess02_FB056,0.7830000000000001
S10_Sess02_FB057,0.771
S10_Sess02_FB058,0.7570000000000001
S10_Sess02_FB059,0.815
S10_Sess02_FB060,0.7889999999999999
S10_Sess03_FB001,0.725
S10_Sess03_FB002,0.718
S10_Sess03_FB003,0.711
S10_Sess03_FB004,0.7899999999999999
S10_Sess03_FB005,0.704
S10_Sess03_FB006,0.745
S10_Sess03_FB007,0.6320000000000001
S10_Sess03_FB008,0.7830000000000001
S10_Sess03_FB009,0.6839999999999999
S10_Sess03_FB010,0.722
S10_Sess03_FB011,0.8
S10_Sess03_FB012,0.7470000000000001
S10_Sess03_FB013,0.788
S10_Sess03_FB014,0.716
S10_Sess03_FB015,0.82
S10_Sess03_FB016,0.7290000000000001
S10_Sess03_FB017,0.782
S10_Sess03_FB018,0.751
S10_Sess03_FB019,0.744
S10_Sess03_FB020,0.718
S10_Sess03_FB021,0.772
S10_Sess03_FB022,0.629
S10_Sess03_FB023,0.7589999999999999
S10_Sess03_FB024,0.8
S10_Sess03_FB025,0.768
S10_Sess03_FB026,0.7450000000000001
S10_Sess03_FB027,0.7370000000000001
S10_Sess03_FB028,0.741
S10_Sess03_FB029,0.739
S10_Sess03_FB030,0.8059999999999999
S10_Sess03_FB031,0.81
S10_Sess03_FB032,0.749
S10_Sess03_FB033,0.626
S10_Sess03_FB034,0.758
S10_Sess03_FB035,0.7719999999999999
S10_Sess03_FB036,0.755
S10_Sess03_FB037,0.722
S10_Sess03_FB038,0.7790000000000001
S10_Sess03_FB039,0.76
S10_Sess03_FB040,0.73
S10_Sess03_FB041,0.75
S10_Sess03_FB042,0.732
S10_Sess03_FB043,0.7449999999999999
S10_Sess03_FB044,0.728
S10_Sess03_FB045,0.724
S10_Sess03_FB046,0.696
S10_Sess03_FB047,0.7630000000000001
S10_Sess03_FB048,0.78
S10_Sess03_FB049,0.7390000000000001
S10_Sess03_FB050,0.774
S10_Sess03_FB051,0.778
S10_Sess03_FB052,0.759
S10_Sess03_FB053,0.768
S10_Sess03_FB054,0.7290000000000001
S10_Sess03_FB055,0.7510000000000001
S10_Sess03_FB056,0.7410000000000001
S10_Sess03_FB057,0.736
S10_Sess03_FB058,0.7690000000000001
S10_Sess03_FB059,0.7280000000000002
S10_Sess03_FB060,0.7290000000000001
S10_Sess04_FB001,0.642
S10_Sess04_FB002,0.797
S10_Sess04_FB003,0.763
S10_Sess04_FB004,0.731
S10_Sess04_FB005,0.787
S10_Sess04_FB006,0.7669999999999999
S10_Sess04_FB007,0.784
S10_Sess04_FB008,0.746
S10_Sess04_FB009,0.76
S10_Sess04_FB010,0.702
S10_Sess04_FB011,0.731
S10_Sess04_FB012,0.762
S10_Sess04_FB013,0.7669999999999999
S10_Sess04_FB014,0.7959999999999999
S10_Sess04_FB015,0.793
S10_Sess04_FB016,0.7490000000000001
S10_Sess04_FB017,0.768
S10_Sess04_FB018,0.772
S10_Sess04_FB019,0.759
S10_Sess04_FB020,0.742
S10_Sess04_FB021,0.6839999999999999
S10_Sess04_FB022,0.81
S10_Sess04_FB023,0.6930000000000001
S10_Sess04_FB024,0.778
S10_Sess04_FB025,0.719
S10_Sess04_FB026,0.76
S10_Sess04_FB027,0.7930000000000001
S10_Sess04_FB028,0.643
S10_Sess04_FB029,0.799
S10_Sess04_FB030,0.7829999999999999
S10_Sess04_FB031,0.749
S10_Sess04_FB032,0.7390000000000001
S10_Sess04_FB033,0.793
S10_Sess04_FB034,0.751
S10_Sess04_FB035,0.798
S10_Sess04_FB036,0.78
S10_Sess04_FB037,0.7610000000000001
S10_Sess04_FB038,0.752
S10_Sess04_FB039,0.717
S10_Sess04_FB040,0.726
S10_Sess04_FB041,0.78
S10_Sess04_FB042,0.768
S10_Sess04_FB043,0.739
S10_Sess04_FB044,0.73
S10_Sess04_FB045,0.762
S10_Sess04_FB046,0.746
S10_Sess04_FB047,0.7949999999999999
S10_Sess04_FB048,0.719
S10_Sess04_FB049,0.74
S10_Sess04_FB050,0.595
S10_Sess04_FB051,0.7490000000000001
S10_Sess04_FB052,0.6519999999999999
S10_Sess04_FB053,0.725
S10_Sess04_FB054,0.741
S10_Sess04_FB055,0.769
S10_Sess04_FB056,0.7430000000000001
S10_Sess04_FB057,0.7090000000000001
S10_Sess04_FB058,0.8280000000000001
S10_Sess04_FB059,0.758
S10_Sess04_FB060,0.7070000000000001
S10_Sess05_FB001,0.665
S10_Sess05_FB002,0.726
S10_Sess05_FB003,0.72
S10_Sess05_FB004,0.745
S10_Sess05_FB005,0.803
S10_Sess05_FB006,0.77
S10_Sess05_FB007,0.7870000000000001
S10_Sess05_FB008,0.738
S10_Sess05_FB009,0.809
S10_Sess05_FB010,0.804
S10_Sess05_FB011,0.744
S10_Sess05_FB012,0.742
S10_Sess05_FB013,0.764
S10_Sess05_FB014,0.702
S10_Sess05_FB015,0.6910000000000001
S10_Sess05_FB016,0.747
S10_Sess05_FB017,0.758
S10_Sess05_FB018,0.685
S10_Sess05_FB019,0.795
S10_Sess05_FB020,0.759
S10_Sess05_FB021,0.7360000000000002
S10_Sess05_FB022,0.6860000000000002
S10_Sess05_FB023,0.718
S10_Sess05_FB024,0.7930000000000001
S10_Sess05_FB025,0.761
S10_Sess05_FB026,0.7210000000000001
S10_Sess05_FB027,0.769
S10_Sess05_FB028,0.671
S10_Sess05_FB029,0.772
S10_Sess05_FB030,0.7230000000000001
S10_Sess05_FB031,0.7830000000000001
S10_Sess05_FB032,0.7290000000000001
S10_Sess05_FB033,0.731
S10_Sess05_FB034,0.7070000000000001
S10_Sess05_FB035,0.699
S10_Sess05_FB036,0.6839999999999999
S10_Sess05_FB037,0.749
S10_Sess05_FB038,0.7210000000000001
S10_Sess05_FB039,0.73
S10_Sess05_FB040,0.731
S10_Sess05_FB041,0.778
S10_Sess05_FB042,0.714
S10_Sess05_FB043,0.761
S10_Sess05_FB044,0.7150000000000001
S10_Sess05_FB045,0.6799999999999999
S10_Sess05_FB046,0.7330000000000001
S10_Sess05_FB047,0.698
S10_Sess05_FB048,0.759
S10_Sess05_FB049,0.7410000000000001
S10_Sess05_FB050,0.7120000000000001
S10_Sess05_FB051,0.6500000000000001
S10_Sess05_FB052,0.7630000000000001
S10_Sess05_FB053,0.73
S10_Sess05_FB054,0.755
S10_Sess05_FB055,0.74
S10_Sess05_FB056,0.7370000000000001
S10_Sess05_FB057,0.6890000000000001
S10_Sess05_FB058,0.7530000000000001
S10_Sess05_FB059,0.731
S10_Sess05_FB060,0.752
S10_Sess05_FB061,0.7170000000000001
S10_Sess05_FB062,0.746
S10_Sess05_FB063,0.783
S10_Sess05_FB064,0.7300000000000001
S10_Sess05_FB065,0.8220000000000001
S10_Sess05_FB066,0.767
S10_Sess05_FB067,0.7550000000000001
S10_Sess05_FB068,0.769
S10_Sess05_FB069,0.79
S10_Sess05_FB070,0.694
S10_Sess05_FB071,0.6920000000000002
S10_Sess05_FB072,0.7130000000000001
S10_Sess05_FB073,0.73
S10_Sess05_FB074,0.708
S10_Sess05_FB075,0.661
S10_Sess05_FB076,0.7150000000000001
S10_Sess05_FB077,0.738
S10_Sess05_FB078,0.742
S10_Sess05_FB079,0.755
S10_Sess05_FB080,0.7969999999999999
S10_Sess05_FB081,0.7470000000000001
S10_Sess05_FB082,0.767
S10_Sess05_FB083,0.759
S10_Sess05_FB084,0.732
S10_Sess05_FB085,0.751
S10_Sess05_FB086,0.6719999999999999
S10_Sess05_FB087,0.738
S10_Sess05_FB088,0.6720000000000002
S10_Sess05_FB089,0.7390000000000001
S10_Sess05_FB090,0.712
S10_Sess05_FB091,0.7190000000000001
S10_Sess05_FB092,0.6840000000000002
S10_Sess05_FB093,0.6550000000000001
S10_Sess05_FB094,0.797
S10_Sess05_FB095,0.6839999999999999
S10_Sess05_FB096,0.735
S10_Sess05_FB097,0.78
S10_Sess05_FB098,0.681
S10_Sess05_FB099,0.7690000000000001
S10_Sess05_FB100,0.71
S15_Sess01_FB001,0.708
S15_Sess01_FB002,0.7430000000000001
S15_Sess01_FB003,0.6620000000000001
S15_Sess01_FB004,0.76
S15_Sess01_FB005,0.641
S15_Sess01_FB006,0.647
S15_Sess01_FB007,0.6639999999999999
S15_Sess01_FB008,0.823
S15_Sess01_FB009,0.752
S15_Sess01_FB010,0.709
S15_Sess01_FB011,0.674
S15_Sess01_FB012,0.643
S15_Sess01_FB013,0.6120000000000001
S15_Sess01_FB014,0.716
S15_Sess01_FB015,0.7050000000000001
S15_Sess01_FB016,0.74
S15_Sess01_FB017,0.727
S15_Sess01_FB018,0.69
S15_Sess01_FB019,0.745
S15_Sess01_FB020,0.6990000000000001
S15_Sess01_FB021,0.7
S15_Sess01_FB022,0.6910000000000001
S15_Sess01_FB023,0.726
S15_Sess01_FB024,0.698
S15_Sess01_FB025,0.7290000000000001
S15_Sess01_FB026,0.747
S15_Sess01_FB027,0.7
S15_Sess01_FB028,0.714
S15_Sess01_FB029,0.7240000000000001
S15_Sess01_FB030,0.697
S15_Sess01_FB031,0.736
S15_Sess01_FB032,0.723
S15_Sess01_FB033,0.7769999999999999
S15_Sess01_FB034,0.753
S15_Sess01_FB035,0.753
S15_Sess01_FB036,0.732
S15_Sess01_FB037,0.718
S15_Sess01_FB038,0.728
S15_Sess01_FB039,0.7370000000000001
S15_Sess01_FB040,0.6859999999999999
S15_Sess01_FB041,0.6809999999999999
S15_Sess01_FB042,0.69
S15_Sess01_FB043,0.6849999999999999
S15_Sess01_FB044,0.783
S15_Sess01_FB045,0.7610000000000001
S15_Sess01_FB046,0.683
S15_Sess01_FB047,0.776
S15_Sess01_FB048,0.7809999999999999
S15_Sess01_FB049,0.81
S15_Sess01_FB050,0.734
S15_Sess01_FB051,0.7450000000000001
S15_Sess01_FB052,0.7950000000000002
S15_Sess01_FB053,0.67
S15_Sess01_FB054,0.758
S15_Sess01_FB055,0.798
S15_Sess01_FB056,0.7390000000000001
S15_Sess01_FB057,0.768
S15_Sess01_FB058,0.744
S15_Sess01_FB059,0.749
S15_Sess01_FB060,0.7890000000000001
S15_Sess02_FB001,0.69
S15_Sess02_FB002,0.7729999999999999
S15_Sess02_FB003,0.7430000000000001
S15_Sess02_FB004,0.8140000000000001
S15_Sess02_FB005,0.735
S15_Sess02_FB006,0.8190000000000001
S15_Sess02_FB007,0.756
S15_Sess02_FB008,0.7330000000000001
S15_Sess02_FB009,0.767
S15_Sess02_FB010,0.732
S15_Sess02_FB011,0.775
S15_Sess02_FB012,0.726
S15_Sess02_FB013,0.756
S15_Sess02_FB014,0.6799999999999999
S15_Sess02_FB015,0.744
S15_Sess02_FB016,0.6779999999999999
S15_Sess02_FB017,0.7290000000000001
S15_Sess02_FB018,0.696
S15_Sess02_FB019,0.802
S15_Sess02_FB020,0.782
S15_Sess02_FB021,0.728
S15_Sess02_FB022,0.6309999999999999
S15_Sess02_FB023,0.782
S15_Sess02_FB024,0.775
S15_Sess02_FB025,0.8140000000000001
S15_Sess02_FB026,0.753
S15_Sess02_FB027,0.7739999999999999
S15_Sess02_FB028,0.692
S15_Sess02_FB029,0.694
S15_Sess02_FB030,0.715
S15_Sess02_FB031,0.774
S15_Sess02_FB032,0.6859999999999999
S15_Sess02_FB033,0.7
S15_Sess02_FB034,0.727
S15_Sess02_FB035,0.759
S15_Sess02_FB036,0.677
S15_Sess02_FB037,0.7550000000000001
S15_Sess02_FB038,0.7230000000000001
S15_Sess02_FB039,0.743
S15_Sess02_FB040,0.7490000000000001
S15_Sess02_FB041,0.7290000000000001
S15_Sess02_FB042,0.742
S15_Sess02_FB043,0.634
S15_Sess02_FB044,0.734
S15_Sess02_FB045,0.7280000000000001
S15_Sess02_FB046,0.7350000000000001
S15_Sess02_FB047,0.685
S15_Sess02_FB048,0.7250000000000001
S15_Sess02_FB049,0.7350000000000001
S15_Sess02_FB050,0.732
S15_Sess02_FB051,0.7370000000000001
S15_Sess02_FB052,0.7970000000000002
S15_Sess02_FB053,0.716
S15_Sess02_FB054,0.705
S15_Sess02_FB055,0.817
S15_Sess02_FB056,0.723
S15_Sess02_FB057,0.743
S15_Sess02_FB058,0.6639999999999999
S15_Sess02_FB059,0.68
S15_Sess02_FB060,0.74
S15_Sess03_FB001,0.7130000000000001
S15_Sess03_FB002,0.76
S15_Sess03_FB003,0.737
S15_Sess03_FB004,0.758
S15_Sess03_FB005,0.7670000000000001
S15_Sess03_FB006,0.6799999999999999
S15_Sess03_FB007,0.7210000000000001
S15_Sess03_FB008,0.8350000000000001
S15_Sess03_FB009,0.7590000000000001
S15_Sess03_FB010,0.7040000000000002
S15_Sess03_FB011,0.7400000000000002
S15_Sess03_FB012,0.6700000000000002
S15_Sess03_FB013,0.655
S15_Sess03_FB014,0.8050000000000002
S15_Sess03_FB015,0.702
S15_Sess03_FB016,0.756
S15_Sess03_FB017,0.752
S15_Sess03_FB018,0.779
S15_Sess03_FB019,0.705
S15_Sess03_FB020,0.7370000000000001
S15_Sess03_FB021,0.7390000000000001
S15_Sess03_FB022,0.75
S15_Sess03_FB023,0.754
S15_Sess03_FB024,0.7170000000000001
S15_Sess03_FB025,0.807
S15_Sess03_FB026,0.805
S15_Sess03_FB027,0.776
S15_Sess03_FB028,0.748
S15_Sess03_FB029,0.7990000000000002
S15_Sess03_FB030,0.6840000000000002
S15_Sess03_FB031,0.7729999999999999
S15_Sess03_FB032,0.8400000000000001
S15_Sess03_FB033,0.782
S15_Sess03_FB034,0.748
S15_Sess03_FB035,0.774
S15_Sess03_FB036,0.813
S15_Sess03_FB037,0.743
S15_Sess03_FB038,0.764
S15_Sess03_FB039,0.7630000000000001
S15_Sess03_FB040,0.6280000000000001
S15_Sess03_FB041,0.702
S15_Sess03_FB042,0.6819999999999999
S15_Sess03_FB043,0.6930000000000001
S15_Sess03_FB044,0.77
S15_Sess03_FB045,0.728
S15_Sess03_FB046,0.756
S15_Sess03_FB047,0.8170000000000001
S15_Sess03_FB048,0.782
S15_Sess03_FB049,0.6660000000000001
S15_Sess03_FB050,0.657
S15_Sess03_FB051,0.7530000000000001
S15_Sess03_FB052,0.773
S15_Sess03_FB053,0.771
S15_Sess03_FB054,0.6970000000000001
S15_Sess03_FB055,0.758
S15_Sess03_FB056,0.783
S15_Sess03_FB057,0.811
S15_Sess03_FB058,0.724
S15_Sess03_FB059,0.6970000000000001
S15_Sess03_FB060,0.739
S15_Sess04_FB001,0.734
S15_Sess04_FB002,0.704
S15_Sess04_FB003,0.72
S15_Sess04_FB004,0.776
S15_Sess04_FB005,0.7990000000000002
S15_Sess04_FB006,0.766
S15_Sess04_FB007,0.718
S15_Sess04_FB008,0.8050000000000002
S15_Sess04_FB009,0.766
S15_Sess04_FB010,0.788
S15_Sess04_FB011,0.7549999999999999
S15_Sess04_FB012,0.692
S15_Sess04_FB013,0.758
S15_Sess04_FB014,0.74
S15_Sess04_FB015,0.6799999999999999
S15_Sess04_FB016,0.773
S15_Sess04_FB017,0.7000000000000001
S15_Sess04_FB018,0.8180000000000001
S15_Sess04_FB019,0.758
S15_Sess04_FB020,0.759
S15_Sess04_FB021,0.685
S15_Sess04_FB022,0.6519999999999999
S15_Sess04_FB023,0.69
S15_Sess04_FB024,0.8069999999999999
S15_Sess04_FB025,0.734
S15_Sess04_FB026,0.688
S15_Sess04_FB027,0.748
S15_Sess04_FB028,0.7769999999999999
S15_Sess04_FB029,0.742
S15_Sess04_FB030,0.7529999999999999
S15_Sess04_FB031,0.7510000000000001
S15_Sess04_FB032,0.789
S15_Sess04_FB033,0.752
S15_Sess04_FB034,0.823
S15_Sess04_FB035,0.677
S15_Sess04_FB036,0.748
S15_Sess04_FB037,0.708
S15_Sess04_FB038,0.7070000000000001
S15_Sess04_FB039,0.758
S15_Sess04_FB040,0.75
S15_Sess04_FB041,0.667
S15_Sess04_FB042,0.717
S15_Sess04_FB043,0.758
S15_Sess04_FB044,0.793
S15_Sess04_FB045,0.806
S15_Sess04_FB046,0.7610000000000001
S15_Sess04_FB047,0.7889999999999999
S15_Sess04_FB048,0.776
S15_Sess04_FB049,0.7729999999999999
S15_Sess04_FB050,0.7610000000000001
S15_Sess04_FB051,0.759
S15_Sess04_FB052,0.6910000000000001
S15_Sess04_FB053,0.694
S15_Sess04_FB054,0.768
S15_Sess04_FB055,0.773
S15_Sess04_FB056,0.708
S15_Sess04_FB057,0.71
S15_Sess04_FB058,0.7839999999999999
S15_Sess04_FB059,0.7990000000000002
S15_Sess04_FB060,0.7450000000000001
S15_Sess05_FB001,0.7739999999999999
S15_Sess05_FB002,0.7550000000000001
S15_Sess05_FB003,0.7350000000000001
S15_Sess05_FB004,0.7050000000000001
S15_Sess05_FB005,0.713
S15_Sess05_FB006,0.775
S15_Sess05_FB007,0.681
S15_Sess05_FB008,0.825
S15_Sess05_FB009,0.7470000000000001
S15_Sess05_FB010,0.6910000000000001
S15_Sess05_FB011,0.772
S15_Sess05_FB012,0.729
S15_Sess05_FB013,0.8320000000000001
S15_Sess05_FB014,0.6839999999999999
S15_Sess05_FB015,0.74
S15_Sess05_FB016,0.6660000000000001
S15_Sess05_FB017,0.717
S15_Sess05_FB018,0.7779999999999999
S15_Sess05_FB019,0.6729999999999999
S15_Sess05_FB020,0.742
S15_Sess05_FB021,0.71
S15_Sess05_FB022,0.7950000000000002
S15_Sess05_FB023,0.809
S15_Sess05_FB024,0.755
S15_Sess05_FB025,0.74
S15_Sess05_FB026,0.773
S15_Sess05_FB027,0.8330000000000002
S15_Sess05_FB028,0.71
S15_Sess05_FB029,0.7240000000000001
S15_Sess05_FB030,0.799
S15_Sess05_FB031,0.688
S15_Sess05_FB032,0.75
S15_Sess05_FB033,0.7670000000000001
S15_Sess05_FB034,0.776
S15_Sess05_FB035,0.79
S15_Sess05_FB036,0.751
S15_Sess05_FB037,0.755
S15_Sess05_FB038,0.756
S15_Sess05_FB039,0.78
S15_Sess05_FB040,0.756
S15_Sess05_FB041,0.73
S15_Sess05_FB042,0.778
S15_Sess05_FB043,0.736
S15_Sess05_FB044,0.7729999999999999
S15_Sess05_FB045,0.785
S15_Sess05_FB046,0.7710000000000001
S15_Sess05_FB047,0.794
S15_Sess05_FB048,0.79
S15_Sess05_FB049,0.7649999999999999
S15_Sess05_FB050,0.801
S15_Sess05_FB051,0.751
S15_Sess05_FB052,0.776
S15_Sess05_FB053,0.762
S15_Sess05_FB054,0.757
S15_Sess05_FB055,0.7850000000000001
S15_Sess05_FB056,0.756
S15_Sess05_FB057,0.771
S15_Sess05_FB058,0.8370000000000001
S15_Sess05_FB059,0.7210000000000001
S15_Sess05_FB060,0.735
S15_Sess05_FB061,0.6980000000000002
S15_Sess05_FB062,0.754
S15_Sess05_FB063,0.802
S15_Sess05_FB064,0.799
S15_Sess05_FB065,0.806
S15_Sess05_FB066,0.746
S15_Sess05_FB067,0.7150000000000001
S15_Sess05_FB068,0.7660000000000001
S15_Sess05_FB069,0.784
S15_Sess05_FB070,0.739
S15_Sess05_FB071,0.796
S15_Sess05_FB072,0.7750000000000001
S15_Sess05_FB073,0.77
S15_Sess05_FB074,0.7460000000000001
S15_Sess05_FB075,0.8099999999999999
S15_Sess05_FB076,0.764
S15_Sess05_FB077,0.708
S15_Sess05_FB078,0.744
S15_Sess05_FB079,0.719
S15_Sess05_FB080,0.706
S15_Sess05_FB081,0.749
S15_Sess05_FB082,0.762
S15_Sess05_FB083,0.709
S15_Sess05_FB084,0.734
S15_Sess05_FB085,0.7470000000000001
S15_Sess05_FB086,0.753
S15_Sess05_FB087,0.7610000000000001
S15_Sess05_FB088,0.685
S15_Sess05_FB089,0.758
S15_Sess05_FB090,0.813
S15_Sess05_FB091,0.772
S15_Sess05_FB092,0.745
S15_Sess05_FB093,0.8
S15_Sess05_FB094,0.772
S15_Sess05_FB095,0.8160000000000001
S15_Sess05_FB096,0.8150000000000001
S15_Sess05_FB097,0.802
S15_Sess05_FB098,0.703
S15_Sess05_FB099,0.707
S15_Sess05_FB100,0.737
S19_Sess01_FB001,0.713
S19_Sess01_FB002,0.6819999999999999
S19_Sess01_FB003,0.693
S19_Sess01_FB004,0.7230000000000001
S19_Sess01_FB005,0.6719999999999999
S19_Sess01_FB006,0.6940000000000002
S19_Sess01_FB007,0.6320000000000001
S19_Sess01_FB008,0.716
S19_Sess01_FB009,0.675
S19_Sess01_FB010,0.736
S19_Sess01_FB011,0.6779999999999999
S19_Sess01_FB012,0.698
S19_Sess01_FB013,0.6439999999999999
S19_Sess01_FB014,0.705
S19_Sess01_FB015,0.762
S19_Sess01_FB016,0.673
S19_Sess01_FB017,0.8360000000000001
S19_Sess01_FB018,0.7080000000000001
S19_Sess01_FB019,0.763
S19_Sess01_FB020,0.738
S19_Sess01_FB021,0.786
S19_Sess01_FB022,0.6200000000000001
S19_Sess01_FB023,0.738
S19_Sess01_FB024,0.688
S19_Sess01_FB025,0.729
S19_Sess01_FB026,0.6849999999999999
S19_Sess01_FB027,0.641
S19_Sess01_FB028,0.796
S19_Sess01_FB029,0.6200000000000001
S19_Sess01_FB030,0.7420000000000001
S19_Sess01_FB031,0.774
S19_Sess01_FB032,0.664
S19_Sess01_FB033,0.7130000000000001
S19_Sess01_FB034,0.6990000000000001
S19_Sess01_FB035,0.75
S19_Sess01_FB036,0.631
S19_Sess01_FB037,0.694
S19_Sess01_FB038,0.734
S19_Sess01_FB039,0.722
S19_Sess01_FB040,0.802
S19_Sess01_FB041,0.8
S19_Sess01_FB042,0.64
S19_Sess01_FB043,0.8069999999999999
S19_Sess01_FB044,0.706
S19_Sess01_FB045,0.68
S19_Sess01_FB046,0.7420000000000001
S19_Sess01_FB047,0.649
S19_Sess01_FB048,0.6140000000000001
S19_Sess01_FB049,0.724
S19_Sess01_FB050,0.5750000000000002
S19_Sess01_FB051,0.621
S19_Sess01_FB052,0.742
S19_Sess01_FB053,0.736
S19_Sess01_FB054,0.6900000000000001
S19_Sess01_FB055,0.677
S19_Sess01_FB056,0.788
S19_Sess01_FB057,0.7689999999999999
S19_Sess01_FB058,0.678
S19_Sess01_FB059,0.625
S19_Sess01_FB060,0.6599999999999999
S19_Sess02_FB001,0.677
S19_Sess02_FB002,0.6200000000000001
S19_Sess02_FB003,0.7210000000000001
S19_Sess02_FB004,0.559
S19_Sess02_FB005,0.645
S19_Sess02_FB006,0.7250000000000001
S19_Sess02_FB007,0.698
S19_Sess02_FB008,0.748
S19_Sess02_FB009,0.719
S19_Sess02_FB010,0.757
S19_Sess02_FB011,0.646
S19_Sess02_FB012,0.748
S19_Sess02_FB013,0.601
S19_Sess02_FB014,0.714
S19_Sess02_FB015,0.6380000000000001
S19_Sess02_FB016,0.7110000000000001
S19_Sess02_FB017,0.734
S19_Sess02_FB018,0.7440000000000002
S19_Sess02_FB019,0.7090000000000001
S19_Sess02_FB020,0.6280000000000001
S19_Sess02_FB021,0.718
S19_Sess02_FB022,0.732
S19_Sess02_FB023,0.738
S19_Sess02_FB024,0.652
S19_Sess02_FB025,0.6709999999999999
S19_Sess02_FB026,0.674
S19_Sess02_FB027,0.681
S19_Sess02_FB028,0.673
S19_Sess02_FB029,0.657
S19_Sess02_FB030,0.7200000000000001
S19_Sess02_FB031,0.728
S19_Sess02_FB032,0.6620000000000001
S19_Sess02_FB033,0.671
S19_Sess02_FB034,0.688
S19_Sess02_FB035,0.7130000000000001
S19_Sess02_FB036,0.5830000000000001
S19_Sess02_FB037,0.695
S19_Sess02_FB038,0.696
S19_Sess02_FB039,0.724
S19_Sess02_FB040,0.728
S19_Sess02_FB041,0.687
S19_Sess02_FB042,0.6220000000000001
S19_Sess02_FB043,0.6799999999999999
S19_Sess02_FB044,0.685
S19_Sess02_FB045,0.558
S19_Sess02_FB046,0.728
S19_Sess02_FB047,0.7589999999999999
S19_Sess02_FB048,0.7899999999999999
S19_Sess02_FB049,0.7989999999999999
S19_Sess02_FB050,0.7210000000000001
S19_Sess02_FB051,0.6520000000000001
S19_Sess02_FB052,0.5670000000000001
S19_Sess02_FB053,0.6549999999999999
S19_Sess02_FB054,0.6920000000000002
S19_Sess02_FB055,0.6480000000000001
S19_Sess02_FB056,0.6360000000000001
S19_Sess02_FB057,0.7050000000000001
S19_Sess02_FB058,0.7590000000000001
S19_Sess02_FB059,0.766
S19_Sess02_FB060,0.6080000000000001
S19_Sess03_FB001,0.6739999999999999
S19_Sess03_FB002,0.7120000000000002
S19_Sess03_FB003,0.6479999999999999
S19_Sess03_FB004,0.7130000000000001
S19_Sess03_FB005,0.5960000000000001
S19_Sess03_FB006,0.722
S19_Sess03_FB007,0.694
S19_Sess03_FB008,0.74
S19_Sess03_FB009,0.72
S19_Sess03_FB010,0.7100000000000002
S19_Sess03_FB011,0.7510000000000001
S19_Sess03_FB012,0.7550000000000001
S19_Sess03_FB013,0.728
S19_Sess03_FB014,0.628
S19_Sess03_FB015,0.7470000000000001
S19_Sess03_FB016,0.681
S19_Sess03_FB017,0.7
S19_Sess03_FB018,0.735
S19_Sess03_FB019,0.6799999999999999
S19_Sess03_FB020,0.739
S19_Sess03_FB021,0.653
S19_Sess03_FB022,0.639
S19_Sess03_FB023,0.765
S19_Sess03_FB024,0.7030000000000001
S19_Sess03_FB025,0.7490000000000001
S19_Sess03_FB026,0.72
S19_Sess03_FB027,0.7380000000000001
S19_Sess03_FB028,0.761
S19_Sess03_FB029,0.673
S19_Sess03_FB030,0.6340000000000001
S19_Sess03_FB031,0.6420000000000001
S19_Sess03_FB032,0.7350000000000001
S19_Sess03_FB033,0.6300000000000001
S19_Sess03_FB034,0.715
S19_Sess03_FB035,0.6839999999999999
S19_Sess03_FB036,0.6640000000000001
S19_Sess03_FB037,0.6320000000000001
S19_Sess03_FB038,0.6709999999999999
S19_Sess03_FB039,0.728
S19_Sess03_FB040,0.6680000000000001
S19_Sess03_FB041,0.739
S19_Sess03_FB042,0.692
S19_Sess03_FB043,0.7440000000000001
S19_Sess03_FB044,0.7190000000000001
S19_Sess03_FB045,0.7290000000000001
S19_Sess03_FB046,0.696
S19_Sess03_FB047,0.771
S19_Sess03_FB048,0.77
S19_Sess03_FB049,0.6540000000000001
S19_Sess03_FB050,0.715
S19_Sess03_FB051,0.667
S19_Sess03_FB052,0.643
S19_Sess03_FB053,0.5720000000000001
S19_Sess03_FB054,0.651
S19_Sess03_FB055,0.659
S19_Sess03_FB056,0.7040000000000002
S19_Sess03_FB057,0.649
S19_Sess03_FB058,0.687
S19_Sess03_FB059,0.7450000000000001
S19_Sess03_FB060,0.7450000000000001
S19_Sess04_FB001,0.6829999999999999
S19_Sess04_FB002,0.741
S19_Sess04_FB003,0.759
S19_Sess04_FB004,0.665
S19_Sess04_FB005,0.704
S19_Sess04_FB006,0.635
S19_Sess04_FB007,0.757
S19_Sess04_FB008,0.785
S19_Sess04_FB009,0.714
S19_Sess04_FB010,0.591
S19_Sess04_FB011,0.635
S19_Sess04_FB012,0.712
S19_Sess04_FB013,0.762
S19_Sess04_FB014,0.7250000000000001
S19_Sess04_FB015,0.691
S19_Sess04_FB016,0.633
S19_Sess04_FB017,0.715
S19_Sess04_FB018,0.754
S19_Sess04_FB019,0.7570000000000001
S19_Sess04_FB020,0.6700000000000002
S19_Sess04_FB021,0.764
S19_Sess04_FB022,0.745
S19_Sess04_FB023,0.729
S19_Sess04_FB024,0.794
S19_Sess04_FB025,0.745
S19_Sess04_FB026,0.6799999999999999
S19_Sess04_FB027,0.6839999999999999
S19_Sess04_FB028,0.6060000000000001
S19_Sess04_FB029,0.7750000000000001
S19_Sess04_FB030,0.7090000000000001
S19_Sess04_FB031,0.712
S19_Sess04_FB032,0.698
S19_Sess04_FB033,0.7450000000000001
S19_Sess04_FB034,0.708
S19_Sess04_FB035,0.776
S19_Sess04_FB036,0.647
S19_Sess04_FB037,0.5970000000000001
S19_Sess04_FB038,0.7310000000000001
S19_Sess04_FB039,0.6990000000000001
S19_Sess04_FB040,0.692
S19_Sess04_FB041,0.639
S19_Sess04_FB042,0.714
S19_Sess04_FB043,0.732
S19_Sess04_FB044,0.647
S19_Sess04_FB045,0.5980000000000001
S19_Sess04_FB046,0.73
S19_Sess04_FB047,0.661
S19_Sess04_FB048,0.728
S19_Sess04_FB049,0.698
S19_Sess04_FB050,0.694
S19_Sess04_FB051,0.743
S19_Sess04_FB052,0.732
S19_Sess04_FB053,0.721
S19_Sess04_FB054,0.731
S19_Sess04_FB055,0.618
S19_Sess04_FB056,0.742
S19_Sess04_FB057,0.542
S19_Sess04_FB058,0.655
S19_Sess04_FB059,0.665
S19_Sess04_FB060,0.714
S19_Sess05_FB001,0.6380000000000001
S19_Sess05_FB002,0.698
S19_Sess05_FB003,0.664
S19_Sess05_FB004,0.698
S19_Sess05_FB005,0.6819999999999999
S19_Sess05_FB006,0.758
S19_Sess05_FB007,0.6160000000000001
S19_Sess05_FB008,0.763
S19_Sess05_FB009,0.6800000000000002
S19_Sess05_FB010,0.692
S19_Sess05_FB011,0.709
S19_Sess05_FB012,0.713
S19_Sess05_FB013,0.6420000000000001
S19_Sess05_FB014,0.705
S19_Sess05_FB015,0.714
S19_Sess05_FB016,0.6499999999999999
S19_Sess05_FB017,0.707
S19_Sess05_FB018,0.699
S19_Sess05_FB019,0.6809999999999999
S19_Sess05_FB020,0.6659999999999999
S19_Sess05_FB021,0.707
S19_Sess05_FB022,0.7100000000000002
S19_Sess05_FB023,0.701
S19_Sess05_FB024,0.643
S19_Sess05_FB025,0.6769999999999999
S19_Sess05_FB026,0.617
S19_Sess05_FB027,0.6379999999999999
S19_Sess05_FB028,0.722
S19_Sess05_FB029,0.7310000000000001
S19_Sess05_FB030,0.6120000000000001
S19_Sess05_FB031,0.698
S19_Sess05_FB032,0.673
S19_Sess05_FB033,0.7210000000000001
S19_Sess05_FB034,0.697
S19_Sess05_FB035,0.763
S19_Sess05_FB036,0.6270000000000001
S19_Sess05_FB037,0.748
S19_Sess05_FB038,0.6599999999999999
S19_Sess05_FB039,0.75
S19_Sess05_FB040,0.676
S19_Sess05_FB041,0.753
S19_Sess05_FB042,0.7750000000000001
S19_Sess05_FB043,0.633
S19_Sess05_FB044,0.6880000000000001
S19_Sess05_FB045,0.744
S19_Sess05_FB046,0.659
S19_Sess05_FB047,0.725
S19_Sess05_FB048,0.739
S19_Sess05_FB049,0.687
S19_Sess05_FB050,0.757
S19_Sess05_FB051,0.6500000000000001
S19_Sess05_FB052,0.7
S19_Sess05_FB053,0.751
S19_Sess05_FB054,0.738
S19_Sess05_FB055,0.647
S19_Sess05_FB056,0.663
S19_Sess05_FB057,0.641
S19_Sess05_FB058,0.617
S19_Sess05_FB059,0.7509999999999999
S19_Sess05_FB060,0.647
S19_Sess05_FB061,0.781
S19_Sess05_FB062,0.725
S19_Sess05_FB063,0.636
S19_Sess05_FB064,0.6200000000000001
S19_Sess05_FB065,0.6560000000000001
S19_Sess05_FB066,0.677
S19_Sess05_FB067,0.761
S19_Sess05_FB068,0.669
S19_Sess05_FB069,0.7170000000000001
S19_Sess05_FB070,0.641
S19_Sess05_FB071,0.722
S19_Sess05_FB072,0.6849999999999999
S19_Sess05_FB073,0.6820000000000002
S19_Sess05_FB074,0.698
S19_Sess05_FB075,0.7460000000000002
S19_Sess05_FB076,0.675
S19_Sess05_FB077,0.726
S19_Sess05_FB078,0.7650000000000001
S19_Sess05_FB079,0.6990000000000001
S19_Sess05_FB080,0.621
S19_Sess05_FB081,0.6280000000000001
S19_Sess05_FB082,0.7070000000000001
S19_Sess05_FB083,0.625
S19_Sess05_FB084,0.651
S19_Sess05_FB085,0.6460000000000001
S19_Sess05_FB086,0.673
S19_Sess05_FB087,0.7050000000000001
S19_Sess05_FB088,0.708
S19_Sess05_FB089,0.702
S19_Sess05_FB090,0.6300000000000001
S19_Sess05_FB091,0.732
S19_Sess05_FB092,0.6120000000000001
S19_Sess05_FB093,0.7170000000000001
S19_Sess05_FB094,0.71
S19_Sess05_FB095,0.687
S19_Sess05_FB096,0.6720000000000002
S19_Sess05_FB097,0.736
S19_Sess05_FB098,0.6970000000000001
S19_Sess05_FB099,0.5770000000000001
S19_Sess05_FB100,0.732
S25_Sess01_FB001,0.714
S25_Sess01_FB002,0.7090000000000001
S25_Sess01_FB003,0.7430000000000001
S25_Sess01_FB004,0.794
S25_Sess01_FB005,0.7470000000000001
S25_Sess01_FB006,0.7230000000000001
S25_Sess01_FB007,0.8140000000000001
S25_Sess01_FB008,0.7330000000000001
S25_Sess01_FB009,0.7250000000000001
S25_Sess01_FB010,0.7580000000000001
S25_Sess01_FB011,0.7970000000000002
S25_Sess01_FB012,0.7420000000000001
S25_Sess01_FB013,0.7510000000000001
S25_Sess01_FB014,0.6890000000000001
S25_Sess01_FB015,0.7590000000000001
S25_Sess01_FB016,0.746
S25_Sess01_FB017,0.792
S25_Sess01_FB018,0.795
S25_Sess01_FB019,0.7280000000000001
S25_Sess01_FB020,0.746
S25_Sess01_FB021,0.664
S25_Sess01_FB022,0.7080000000000001
S25_Sess01_FB023,0.7190000000000001
S25_Sess01_FB024,0.7000000000000002
S25_Sess01_FB025,0.7160000000000001
S25_Sess01_FB026,0.7850000000000001
S25_Sess01_FB027,0.75
S25_Sess01_FB028,0.6930000000000001
S25_Sess01_FB029,0.722
S25_Sess01_FB030,0.7570000000000001
S25_Sess01_FB031,0.683
S25_Sess01_FB032,0.7550000000000001
S25_Sess01_FB033,0.7760000000000001
S25_Sess01_FB034,0.706
S25_Sess01_FB035,0.744
S25_Sess01_FB036,0.7070000000000001
S25_Sess01_FB037,0.7240000000000001
S25_Sess01_FB038,0.7330000000000001
S25_Sess01_FB039,0.7140000000000001
S25_Sess01_FB040,0.6609999999999999
S25_Sess01_FB041,0.764
S25_Sess01_FB042,0.7550000000000001
S25_Sess01_FB043,0.7830000000000001
S25_Sess01_FB044,0.7380000000000001
S25_Sess01_FB045,0.7500000000000001
S25_Sess01_FB046,0.732
S25_Sess01_FB047,0.6610000000000001
S25_Sess01_FB048,0.6839999999999999
S25_Sess01_FB049,0.6910000000000001
S25_Sess01_FB050,0.7190000000000001
S25_Sess01_FB051,0.7190000000000001
S25_Sess01_FB052,0.7550000000000001
S25_Sess01_FB053,0.7630000000000001
S25_Sess01_FB054,0.7330000000000001
S25_Sess01_FB055,0.7290000000000001
S25_Sess01_FB056,0.6559999999999999
S25_Sess01_FB057,0.639
S25_Sess01_FB058,0.7360000000000001
S25_Sess01_FB059,0.7410000000000001
S25_Sess01_FB060,0.7230000000000001
S25_Sess02_FB001,0.768
S25_Sess02_FB002,0.664
S25_Sess02_FB003,0.702
S25_Sess02_FB004,0.754
S25_Sess02_FB005,0.6490000000000001
S25_Sess02_FB006,0.7430000000000001
S25_Sess02_FB007,0.768
S25_Sess02_FB008,0.808
S25_Sess02_FB009,0.7810000000000001
S25_Sess02_FB010,0.7030000000000001
S25_Sess02_FB011,0.752
S25_Sess02_FB012,0.725
S25_Sess02_FB013,0.77
S25_Sess02_FB014,0.7590000000000001
S25_Sess02_FB015,0.724
S25_Sess02_FB016,0.758
S25_Sess02_FB017,0.7110000000000001
S25_Sess02_FB018,0.7450000000000001
S25_Sess02_FB019,0.7350000000000001
S25_Sess02_FB020,0.7650000000000001
S25_Sess02_FB021,0.6519999999999999
S25_Sess02_FB022,0.7690000000000001
S25_Sess02_FB023,0.7550000000000001
S25_Sess02_FB024,0.7570000000000001
S25_Sess02_FB025,0.778
S25_Sess02_FB026,0.6980000000000001
S25_Sess02_FB027,0.7190000000000002
S25_Sess02_FB028,0.7590000000000001
S25_Sess02_FB029,0.766
S25_Sess02_FB030,0.7410000000000001
S25_Sess02_FB031,0.7630000000000001
S25_Sess02_FB032,0.6980000000000002
S25_Sess02_FB033,0.73
S25_Sess02_FB034,0.7270000000000001
S25_Sess02_FB035,0.7890000000000001
S25_Sess02_FB036,0.7970000000000002
S25_Sess02_FB037,0.7200000000000001
S25_Sess02_FB038,0.763
S25_Sess02_FB039,0.7040000000000001
S25_Sess02_FB040,0.704
S25_Sess02_FB041,0.8110000000000002
S25_Sess02_FB042,0.8109999999999999
S25_Sess02_FB043,0.778
S25_Sess02_FB044,0.8270000000000002
S25_Sess02_FB045,0.7140000000000001
S25_Sess02_FB046,0.7380000000000001
S25_Sess02_FB047,0.724
S25_Sess02_FB048,0.68
S25_Sess02_FB049,0.75
S25_Sess02_FB050,0.7730000000000001
S25_Sess02_FB051,0.7020000000000001
S25_Sess02_FB052,0.647
S25_Sess02_FB053,0.6720000000000002
S25_Sess02_FB054,0.7230000000000001
S25_Sess02_FB055,0.722
S25_Sess02_FB056,0.7150000000000001
S25_Sess02_FB057,0.7670000000000001
S25_Sess02_FB058,0.75
S25_Sess02_FB059,0.736
S25_Sess02_FB060,0.748
S25_Sess03_FB001,0.7410000000000001
S25_Sess03_FB002,0.7560000000000001
S25_Sess03_FB003,0.7110000000000001
S25_Sess03_FB004,0.681
S25_Sess03_FB005,0.698
S25_Sess03_FB006,0.737
S25_Sess03_FB007,0.665
S25_Sess03_FB008,0.734
S25_Sess03_FB009,0.7430000000000001
S25_Sess03_FB010,0.7889999999999999
S25_Sess03_FB011,0.786
S25_Sess03_FB012,0.6779999999999999
S25_Sess03_FB013,0.766
S25_Sess03_FB014,0.7570000000000001
S25_Sess03_FB015,0.7870000000000001
S25_Sess03_FB016,0.774
S25_Sess03_FB017,0.7250000000000001
S25_Sess03_FB018,0.7830000000000001
S25_Sess03_FB019,0.742
S25_Sess03_FB020,0.6500000000000001
S25_Sess03_FB021,0.651
S25_Sess03_FB022,0.8029999999999999
S25_Sess03_FB023,0.7550000000000001
S25_Sess03_FB024,0.7510000000000001
S25_Sess03_FB025,0.72
S25_Sess03_FB026,0.7110000000000001
S25_Sess03_FB027,0.7669999999999999
S25_Sess03_FB028,0.764
S25_Sess03_FB029,0.74
S25_Sess03_FB030,0.72
S25_Sess03_FB031,0.6479999999999999
S25_Sess03_FB032,0.7500000000000001
S25_Sess03_FB033,0.718
S25_Sess03_FB034,0.792
S25_Sess03_FB035,0.704
S25_Sess03_FB036,0.805
S25_Sess03_FB037,0.7220000000000001
S25_Sess03_FB038,0.7160000000000001
S25_Sess03_FB039,0.7380000000000001
S25_Sess03_FB040,0.7609999999999999
S25_Sess03_FB041,0.773
S25_Sess03_FB042,0.8029999999999999
S25_Sess03_FB043,0.7789999999999999
S25_Sess03_FB044,0.736
S25_Sess03_FB045,0.7970000000000002
S25_Sess03_FB046,0.7190000000000001
S25_Sess03_FB047,0.681
S25_Sess03_FB048,0.671
S25_Sess03_FB049,0.734
S25_Sess03_FB050,0.7810000000000001
S25_Sess03_FB051,0.7150000000000001
S25_Sess03_FB052,0.7320000000000001
S25_Sess03_FB053,0.648
S25_Sess03_FB054,0.736
S25_Sess03_FB055,0.752
S25_Sess03_FB056,0.776
S25_Sess03_FB057,0.7460000000000001
S25_Sess03_FB058,0.7170000000000001
S25_Sess03_FB059,0.7950000000000002
S25_Sess03_FB060,0.7270000000000001
S25_Sess04_FB001,0.768
S25_Sess04_FB002,0.7390000000000001
S25_Sess04_FB003,0.766
S25_Sess04_FB004,0.7849999999999999
S25_Sess04_FB005,0.754
S25_Sess04_FB006,0.7190000000000001
S25_Sess04_FB007,0.711
S25_Sess04_FB008,0.7190000000000001
S25_Sess04_FB009,0.7880000000000001
S25_Sess04_FB010,0.764
S25_Sess04_FB011,0.776
S25_Sess04_FB012,0.8069999999999999
S25_Sess04_FB013,0.719
S25_Sess04_FB014,0.774
S25_Sess04_FB015,0.71
S25_Sess04_FB016,0.7530000000000001
S25_Sess04_FB017,0.8090000000000002
S25_Sess04_FB018,0.8090000000000002
S25_Sess04_FB019,0.802
S25_Sess04_FB020,0.756
S25_Sess04_FB021,0.784
S25_Sess04_FB022,0.783
S25_Sess04_FB023,0.7410000000000001
S25_Sess04_FB024,0.7170000000000001
S25_Sess04_FB025,0.792
S25_Sess04_FB026,0.7880000000000001
S25_Sess04_FB027,0.758
S25_Sess04_FB028,0.74
S25_Sess04_FB029,0.8029999999999999
S25_Sess04_FB030,0.7810000000000001
S25_Sess04_FB031,0.75
S25_Sess04_FB032,0.6739999999999999
S25_Sess04_FB033,0.7310000000000001
S25_Sess04_FB034,0.6980000000000001
S25_Sess04_FB035,0.7190000000000001
S25_Sess04_FB036,0.7190000000000001
S25_Sess04_FB037,0.7530000000000001
S25_Sess04_FB038,0.766
S25_Sess04_FB039,0.7250000000000001
S25_Sess04_FB040,0.7660000000000001
S25_Sess04_FB041,0.7160000000000002
S25_Sess04_FB042,0.7810000000000001
S25_Sess04_FB043,0.76
S25_Sess04_FB044,0.798
S25_Sess04_FB045,0.718
S25_Sess04_FB046,0.6780000000000002
S25_Sess04_FB047,0.755
S25_Sess04_FB048,0.786
S25_Sess04_FB049,0.738
S25_Sess04_FB050,0.7050000000000001
S25_Sess04_FB051,0.7490000000000001
S25_Sess04_FB052,0.7550000000000001
S25_Sess04_FB053,0.7610000000000001
S25_Sess04_FB054,0.7350000000000001
S25_Sess04_FB055,0.796
S25_Sess04_FB056,0.7450000000000002
S25_Sess04_FB057,0.7590000000000001
S25_Sess04_FB058,0.6620000000000001
S25_Sess04_FB059,0.7930000000000001
S25_Sess04_FB060,0.6910000000000001
S25_Sess05_FB001,0.677
S25_Sess05_FB002,0.6910000000000001
S25_Sess05_FB003,0.7310000000000001
S25_Sess05_FB004,0.751
S25_Sess05_FB005,0.69
S25_Sess05_FB006,0.7230000000000001
S25_Sess05_FB007,0.722
S25_Sess05_FB008,0.7390000000000001
S25_Sess05_FB009,0.7290000000000001
S25_Sess05_FB010,0.7330000000000001
S25_Sess05_FB011,0.714
S25_Sess05_FB012,0.7150000000000001
S25_Sess05_FB013,0.7820000000000001
S25_Sess05_FB014,0.726
S25_Sess05_FB015,0.694
S25_Sess05_FB016,0.7930000000000001
S25_Sess05_FB017,0.74
S25_Sess05_FB018,0.7
S25_Sess05_FB019,0.7090000000000001
S25_Sess05_FB020,0.7330000000000001
S25_Sess05_FB021,0.762
S25_Sess05_FB022,0.6839999999999999
S25_Sess05_FB023,0.6799999999999999
S25_Sess05_FB024,0.746
S25_Sess05_FB025,0.67
S25_Sess05_FB026,0.7480000000000001
S25_Sess05_FB027,0.764
S25_Sess05_FB028,0.788
S25_Sess05_FB029,0.7660000000000001
S25_Sess05_FB030,0.7510000000000001
S25_Sess05_FB031,0.686
S25_Sess05_FB032,0.715
S25_Sess05_FB033,0.6900000000000001
S25_Sess05_FB034,0.7110000000000001
S25_Sess05_FB035,0.734
S25_Sess05_FB036,0.7570000000000001
S25_Sess05_FB037,0.6990000000000001
S25_Sess05_FB038,0.6640000000000001
S25_Sess05_FB039,0.7230000000000001
S25_Sess05_FB040,0.7050000000000001
S25_Sess05_FB041,0.652
S25_Sess05_FB042,0.7310000000000001
S25_Sess05_FB043,0.704
S25_Sess05_FB044,0.669
S25_Sess05_FB045,0.6700000000000002
S25_Sess05_FB046,0.7470000000000001
S25_Sess05_FB047,0.748
S25_Sess05_FB048,0.7330000000000001
S25_Sess05_FB049,0.718
S25_Sess05_FB050,0.7270000000000001
S25_Sess05_FB051,0.754
S25_Sess05_FB052,0.7070000000000001
S25_Sess05_FB053,0.7370000000000001
S25_Sess05_FB054,0.698
S25_Sess05_FB055,0.729
S25_Sess05_FB056,0.7750000000000001
S25_Sess05_FB057,0.716
S25_Sess05_FB058,0.7630000000000001
S25_Sess05_FB059,0.772
S25_Sess05_FB060,0.706
S25_Sess05_FB061,0.7280000000000001
S25_Sess05_FB062,0.7680000000000001
S25_Sess05_FB063,0.752
S25_Sess05_FB064,0.6890000000000001
S25_Sess05_FB065,0.7979999999999999
S25_Sess05_FB066,0.7350000000000001
S25_Sess05_FB067,0.716
S25_Sess05_FB068,0.7370000000000001
S25_Sess05_FB069,0.692
S25_Sess05_FB070,0.7250000000000001
S25_Sess05_FB071,0.7540000000000001
S25_Sess05_FB072,0.8190000000000002
S25_Sess05_FB073,0.7989999999999999
S25_Sess05_FB074,0.8160000000000001
S25_Sess05_FB075,0.7390000000000001
S25_Sess05_FB076,0.778
S25_Sess05_FB077,0.7690000000000001
S25_Sess05_FB078,0.7470000000000001
S25_Sess05_FB079,0.7160000000000002
S25_Sess05_FB080,0.694
S25_Sess05_FB081,0.7150000000000001
S25_Sess05_FB082,0.746
S25_Sess05_FB083,0.7250000000000001
S25_Sess05_FB084,0.7410000000000001
S25_Sess05_FB085,0.659
S25_Sess05_FB086,0.748
S25_Sess05_FB087,0.7390000000000001
S25_Sess05_FB088,0.7050000000000001
S25_Sess05_FB089,0.7330000000000001
S25_Sess05_FB090,0.708
S25_Sess05_FB091,0.7030000000000001
S25_Sess05_FB092,0.726
S25_Sess05_FB093,0.6599999999999999
S25_Sess05_FB094,0.7070000000000001
S25_Sess05_FB095,0.7929999999999999
S25_Sess05_FB096,0.794
S25_Sess05_FB097,0.7350000000000001
S25_Sess05_FB098,0.698
S25_Sess05_FB099,0.815
S25_Sess05_FB100,0.685
